ReefID,Reef,Team,Site,Depth,Total,Cat1,Cat2,Cat3,Cat4,Cat5,Cat6,DHWs,Mortality,NotBleached,Bleached,BleachDead
10-576,Dugong,Baird,Dugong site 1,2,238,27,30,23,46,59,53,11.766244,22.26890756,11.34453782,66.38655462,88.65546218
10-576,Dugong,Baird,Dugong site 2,2,187,10,44,9,38,36,50,11.766244,26.73796791,5.347593583,67.9144385,94.65240642
11-203,11-203,Baird,11-203 site 1,2,224,93,58,48,21,3,1,9.721314,0.446428571,41.51785714,58.03571429,58.48214286
10-582a,Bayag,Baird,Bayag site 1,2,218,24,18,9,34,73,60,9.625892,27.52293578,11.00917431,61.46788991,88.99082569
10-582a,Bayag,Baird,Bayag site 2,2,193,22,24,11,35,50,51,9.625892,26.42487047,11.39896373,62.1761658,88.60103627
11-228,Wood,Baird,Wood site 1,2,331,72,75,66,68,22,28,9.591441,8.459214502,21.75226586,69.78851964,78.24773414
11-228,Wood,Baird,Wood site 2,2,198,89,47,15,25,15,7,9.591441,3.535353535,44.94949495,51.51515152,55.05050505
11-244c,Great Detached,Baird,Great Detached site 1,2,325,64,33,31,72,69,56,9.591441,17.23076923,19.69230769,63.07692308,80.30769231
11-229a,Devlin,Baird,Devlin site 1,2,699,204,237,121,111,11,15,9.591441,2.145922747,29.18454936,68.6695279,70.81545064
11-229a,Devlin,Baird,Devlin site 2,2,196,85,29,28,43,6,5,9.591441,2.551020408,43.36734694,54.08163265,56.63265306
11-239,Star,Baird,Star site 1,2,412,30,119,59,131,55,18,9.378089,4.368932039,7.281553398,88.34951456,92.7184466
11-241,Job,Baird,Job site 1,2,342,93,103,21,49,12,64,9.378089,18.71345029,27.19298246,54.09356725,72.80701754
11-241,Job,Baird,Job site 2,2,575,44,233,65,106,40,87,9.378089,15.13043478,7.652173913,77.2173913,92.34782609
11-241,Job,Baird,Job site 3,2,280,54,85,41,50,11,39,9.378089,13.92857143,19.28571429,66.78571429,80.71428571
14-138,Yonge,Baird,Yonge site 1,2,239,13,9,1,4,84,128,9.324942,53.55648536,5.439330544,41.0041841,94.56066946
14-138,Yonge,Baird,Yonge site 2,2,149,12,5,1,0,94,37,9.324942,24.83221477,8.053691275,67.11409396,91.94630872
14-137,Carter,Baird,Carter site 1,2,303,19,6,1,4,136,137,9.324942,45.21452145,6.270627063,48.51485149,93.72937294
14-137,Carter,Baird,Carter site 2,2,241,16,4,1,1,106,113,9.324942,46.8879668,6.639004149,46.47302905,93.36099585
14-139,No Name,Baird,No Name site 1,2,242,32,8,2,2,121,77,9.324942,31.81818182,13.2231405,54.95867769,86.7768595
14-139,No Name,Baird,No Name site 2,2,227,13,53,1,1,48,111,9.324942,48.89867841,5.726872247,45.37444934,94.27312775
14-143,North Direction,Hoey,North Direction site 1,2,535,25,16,14,99,241,140,9.324942,26.1682243,4.672897196,69.1588785,95.3271028
14-143,North Direction,Hoey,North Direction site 2,2,159,34,17,12,26,53,17,9.324942,10.6918239,21.3836478,67.9245283,78.6163522
14-085,Hilder,Baird,Hilder site 1,2,426,58,123,15,41,118,71,9.243194,16.66666667,13.61502347,69.71830986,86.38497653
14-085,Hilder,Baird,Hilder site 2,2,161,24,46,5,13,23,50,9.243194,31.05590062,14.9068323,54.03726708,85.0931677
14-086,Hicks,Baird,Hicks site 1,2,262,22,22,0,38,149,31,9.243194,11.83206107,8.396946565,79.77099237,91.60305344
14-086,Hicks,Baird,Hicks site 2,2,418,38,51,5,28,109,187,9.243194,44.73684211,9.090909091,46.1722488,90.90909091
12-043a,Martha,Baird,Martha site 1,2,311,160,43,56,36,7,9,9.196443,2.893890675,51.44694534,45.65916399,48.55305466
12-056,Mantis,Baird,Mantis site 1,2,422,51,67,7,52,66,179,9.099751,42.41706161,12.08530806,45.49763033,87.91469194
12-058,Ferguson,Baird,Ferguson site 1,2,263,81,89,3,13,60,17,9.099751,6.463878327,30.79847909,62.73764259,69.20152091
12-058,Ferguson,Baird,Ferguson site 2,2,343,148,127,33,25,2,8,9.099751,2.332361516,43.14868805,54.51895044,56.85131195
12-059,12-059,Baird,12-059 site 1,2,476,415,34,3,0,4,20,9.099751,4.201680672,87.18487395,8.613445378,12.81512605
14-116b,Lizard Island,Baird,Lizard Island site 2,2,230,32,4,2,9,144,39,8.320783,16.95652174,13.91304348,69.13043478,86.08695652
14-116d,Lizard Island,Baird,Lizard Island site 1,2,222,51,19,3,9,110,30,8.320783,13.51351351,22.97297297,63.51351351,77.02702703
14-082,Crescent,Pratchett,Crescent site 1,2,256,15,19,6,2,89,125,8.211421,48.828125,5.859375,45.3125,94.140625
14-082,Crescent,Pratchett,Crescent site 2,2,276,60,39,9,7,122,39,8.211421,14.13043478,21.73913043,64.13043478,78.26086957
14-088,Waining,Pratchett,Waining site 1,2,358,121,24,8,0,122,83,8.211421,23.18435754,33.79888268,43.01675978,66.20111732
14-088,Waining,Pratchett,Waining site 2,2,192,27,41,17,11,92,4,8.211421,2.083333333,14.0625,83.85416667,85.9375
14-154,Ribbon 9,Baird,Ribbon 9 site 1,2,302,72,30,4,18,150,28,8.146195,9.271523179,23.8410596,66.88741722,76.1589404
14-154,Ribbon 9,Baird,Ribbon 9 site 2,2,385,51,44,5,9,188,88,8.146195,22.85714286,13.24675325,63.8961039,86.75324675
14-146,Ribbon 10,Bridge,Ribbon 10 site 2,2,168,29,35,27,33,41,3,8.146195,1.785714286,17.26190476,80.95238095,82.73809524
14-146,Ribbon 10,Bridge,Ribbon 10 site 3,2,134,2,13,18,23,51,27,8.146195,20.14925373,1.492537313,78.35820896,98.50746269
14-147a,South Direction,Hoey,South Direction site 1,2,171,9,9,7,18,108,20,8.146195,11.69590643,5.263157895,83.04093567,94.73684211
14-147b,South Direction,Hoey,South Direction site 2,2,119,11,19,5,14,56,14,8.146195,11.76470588,9.243697479,78.99159664,90.75630252
14-120b,Turtle Grp (south),Hoey,Turtle Grp (south) site 1,2,18,2,1,1,5,8,1,7.701234,5.555555556,11.11111111,83.33333333,88.88888889
14-120b,Turtle Grp (south),Hoey,Turtle Grp (south) site 2,2,77,10,8,17,13,18,11,7.701234,14.28571429,12.98701299,72.72727273,87.01298701
14-120e,Turtle Grp (north),Hoey,Turtle Grp (north) site 1,2,37,0,6,5,3,16,7,7.701234,18.91891892,0,81.08108108,100
14-120e,Turtle Grp (north),Hoey,Turtle Grp (north) site 2,2,98,15,18,8,21,26,10,7.701234,10.20408163,15.30612245,74.48979592,84.69387755
15-021a,Ribbon 8,Mia,Ribbon 8 site 1,2,381,9,9,34,60,140,129,7.475987,33.85826772,2.362204724,63.77952756,97.63779528
15-021a,Ribbon 8,Mia,Ribbon 8 site 2,2,533,43,33,62,75,171,149,7.475987,27.95497186,8.067542214,63.97748593,91.93245779
15-019,Long ,Mia,Long site 1,2,286,14,6,55,65,103,43,7.475987,15.03496503,4.895104895,80.06993007,95.1048951
15-019,Long ,Mia,Long site 2,2,270,30,29,45,53,72,41,7.475987,15.18518519,11.11111111,73.7037037,88.88888889
15-024,Mackay ,Mia,Mackay site 1,2,297,28,18,29,46,91,85,7.475987,28.61952862,9.427609428,61.95286195,90.57239057
15-024,Mackay ,Mia,Mackay site 2,2,219,64,33,29,31,36,26,7.475987,11.87214612,29.22374429,58.90410959,70.77625571
15-028,Startle ,Mia,Startle site 1,2,164,33,23,37,18,39,14,7.475987,8.536585366,20.12195122,71.34146341,79.87804878
15-028,Startle ,Mia,Startle site 2,2,129,25,2,11,22,38,31,7.475987,24.03100775,19.37984496,56.58914729,80.62015504
14-135,Heldson,Pratchett,Heldson site 1,2,417,59,39,18,12,146,143,7.273089,34.29256595,14.14868106,51.558753,85.85131894
14-135,Heldson,Pratchett,Heldson site 2,2,281,129,30,19,8,71,24,7.273089,8.540925267,45.90747331,45.55160142,54.09252669
14-061,Switzer,Baird,Switzer site 1,2,175,23,45,16,28,35,28,6.923595,16,13.14285714,70.85714286,86.85714286
14-061,Switzer,Baird,Switzer site 2,2,458,118,69,16,54,137,64,6.923595,13.97379913,25.76419214,60.26200873,74.23580786
14-063,Combe,Pratchett,Combe site 1,2,343,129,33,4,12,113,52,6.73275,15.16034985,37.60932945,47.2303207,62.39067055
14-063,Combe,Pratchett,Combe site 2,2,181,32,5,9,21,66,48,6.73275,26.51933702,17.67955801,55.80110497,82.32044199
14-064,Ingram,Pratchett,Ingram site 1,2,535,79,23,11,7,274,141,6.73275,26.35514019,14.76635514,58.87850467,85.23364486
14-064,Ingram,Pratchett,Ingram site 2,2,390,75,14,20,29,121,131,6.73275,33.58974359,19.23076923,47.17948718,80.76923077
15-046,Ribbon 4,Baird,Ribbon 4 site 1,2,296,7,3,1,0,80,205,6.546035,69.25675676,2.364864865,28.37837838,97.63513514
15-046,Ribbon 4,Baird,Ribbon 4 site 2,2,354,24,49,0,4,164,113,6.546035,31.92090395,6.779661017,61.29943503,93.22033898
13-129,Wilson,Pratchett,Wilson site 1,2,374,205,35,42,36,50,6,6.109176,1.604278075,54.81283422,43.5828877,45.18716578
13-129,Wilson,Pratchett,Wilson site 2,2,624,384,72,42,35,80,11,6.109176,1.762820513,61.53846154,36.69871795,38.46153846
12-105,Burke,Baird,Burke site 1,2,176,18,22,3,5,52,76,5.758052,43.18181818,10.22727273,46.59090909,89.77272727
12-105,Burke,Baird,Burke site 2,2,226,51,23,4,20,74,54,5.758052,23.89380531,22.56637168,53.53982301,77.43362832
13-117b,13-117b,Pratchett,13-117b site 1,2,196,151,9,7,14,6,9,5.418704,4.591836735,77.04081633,18.36734694,22.95918367
13-117b,13-117b,Pratchett,13-117b site 2,2,515,368,58,35,16,19,19,5.418704,3.689320388,71.45631068,24.85436893,28.54368932
13-060,Blanchard,Pratchett,Blanchard site 1,2,210,136,17,15,5,30,7,5.231699,3.333333333,64.76190476,31.9047619,35.23809524
13-060,Blanchard,Pratchett,Blanchard site 2,2,363,86,28,26,30,73,120,5.231699,33.05785124,23.69146006,43.25068871,76.30853994
15-095,Evening,Baird,Evening site 1,2,234,55,17,4,29,80,49,5.156156,20.94017094,23.5042735,55.55555556,76.4957265
15-095,Evening,Baird,Evening site 2,2,265,22,44,2,17,114,66,5.156156,24.90566038,8.301886792,66.79245283,91.69811321
15-089,Endeavour,Mia,Endeavour site 1,2,322,50,54,23,37,105,53,5.156156,16.45962733,15.52795031,68.01242236,84.47204969
15-089,Endeavour,Mia,Endeavour site 2,2,213,64,19,11,17,77,25,5.156156,11.7370892,30.04694836,58.21596244,69.95305164
15-093,Pickersgill,Mia,Pickersgill site 1,2,193,49,41,34,18,35,16,5.156156,8.29015544,25.38860104,66.32124352,74.61139896
15-093,Pickersgill,Mia,Pickersgill site 2,2,171,81,43,19,10,9,9,5.156156,5.263157895,47.36842105,47.36842105,52.63157895
15-099d,Agincourt Reefs (No 1),Pratchett,Agincourt 6 site 1,2,634,95,155,1,8,375,0,4.999464,0,14.98422713,85.01577287,85.01577287
15-099d,Agincourt Reefs (No 1),Pratchett,Agincourt 6 site 2,2,718,286,121,19,39,251,2,4.999464,0.278551532,39.83286908,59.88857939,60.16713092
16-025,Opal,Pratchett,Opal site 1,2,594,66,129,23,12,280,84,4.999464,14.14141414,11.11111111,74.74747475,88.88888889
16-025,Opal,Pratchett,Opal site 2,2,854,97,171,10,7,568,1,4.999464,0.117096019,11.35831382,88.52459016,88.64168618
13-076,Ogilvie,Pratchett,Ogilive site 1,2,373,203,44,39,6,63,18,4.903042,4.825737265,54.42359249,40.75067024,45.57640751
13-076,Ogilvie,Pratchett,Ogilive site 2,2,333,105,33,17,128,46,4,4.903042,1.201201201,31.53153153,67.26726727,68.46846847
13-077,13-077,Baird,13-077 site 1,2,203,36,10,3,3,93,58,4.903042,28.57142857,17.73399015,53.69458128,82.26600985
13-077,13-077,Pratchett,13-077 site 1,2,564,506,26,10,9,13,0,4.903042,0,89.71631206,10.28368794,10.28368794
13-077,13-077,Pratchett,13-077 site 2,2,456,328,44,37,21,26,0,4.903042,0,71.92982456,28.07017544,28.07017544
13-079c,Noddy 3,Pratchett,Noddy 3 site 1,2,387,357,11,8,6,5,0,4.903042,0,92.24806202,7.751937984,7.751937984
13-079c,Noddy 3,Pratchett,Noddy 3 site 2,2,305,246,17,29,4,7,2,4.903042,0.655737705,80.6557377,18.68852459,19.3442623
16-064,Arlington,Baird,Arlington site 3,2,272,130,51,8,13,55,15,4.445205,5.514705882,47.79411765,46.69117647,52.20588235
16-064,Arlington,Baird,Arlington site 4,2,291,222,43,9,11,2,4,4.445205,1.374570447,76.28865979,22.33676976,23.71134021
16-064,Arlington,Pratchett,Arlington site 1,2,425,285,57,31,42,10,0,4.445205,0,67.05882353,32.94117647,32.94117647
16-064,Arlington,Pratchett,Arlington site 2,2,270,198,25,20,22,5,0,4.445205,0,73.33333333,26.66666667,26.66666667
16-020a,Undine ,Pratchett,Undine  site 1,2,312,57,57,8,5,158,27,4.413757,8.653846154,18.26923077,73.07692308,81.73076923
16-020a,Undine ,Pratchett,Undine  site 2,2,282,78,64,9,12,114,5,4.413757,1.773049645,27.65957447,70.56737589,72.34042553
16-023,Rudder,Pratchett,Rudder site 1,2,265,63,119,22,0,59,2,4.413757,0.754716981,23.77358491,75.47169811,76.22641509
16-023,Rudder,Pratchett,Rudder site 2,2,328,80,55,11,14,156,12,4.413757,3.658536585,24.3902439,71.95121951,75.6097561
13-072,Morris Island,Pratchett,Morris Island site 1,2,209,26,39,3,5,108,28,4.408224,13.39712919,12.44019139,74.16267943,87.55980861
13-072,Morris Island,Pratchett,Morris Island site 2,2,348,124,32,30,19,95,48,4.408224,13.79310345,35.63218391,50.57471264,64.36781609
12-115,Zenith,Baird,Zenith site 1,2,297,29,4,1,9,100,154,4.37919,51.85185185,9.764309764,38.38383838,90.23569024
12-115,Zenith,Baird,Zenith site 2,2,257,48,17,1,12,64,115,4.37919,44.74708171,18.6770428,36.57587549,81.3229572
16-029,Batt,Pratchett,Batt site 1,2,629,291,131,41,16,134,16,4.378419,2.543720191,46.26391097,51.19236884,53.73608903
16-029,Batt,Pratchett,Batt site 2,2,187,143,29,5,2,8,0,4.378419,0,76.47058824,23.52941176,23.52941176
14-016,Corbett,Baird,Corbett site 3,2,159,60,15,1,7,72,4,4.303002,2.51572327,37.73584906,59.74842767,62.26415094
14-016,Corbett,Pratchett,Corbett site 1,2,711,381,112,58,44,95,21,4.303002,2.953586498,53.58649789,43.45991561,46.41350211
14-016,Corbett,Pratchett,Corbett site 2,2,581,246,76,89,26,59,85,4.303002,14.62994836,42.34079174,43.0292599,57.65920826
13-122,13-122,Baird,13-122 site 1,2,278,54,38,7,32,102,45,4.303002,16.18705036,19.42446043,64.38848921,80.57553957
18-039,Dip,Willis,Dip site 1,3,657,480,52,32,26,67,0,4.241515,0,73.05936073,26.94063927,26.94063927
18-039,Dip,Willis,Dip site 2,3,714,569,28,40,26,51,0,4.241515,0,79.69187675,20.30812325,20.30812325
16-068,Thetford,Pratchett,Thetford site 1,2,374,270,37,20,18,28,1,3.624855,0.267379679,72.19251337,27.54010695,27.80748663
16-068,Thetford,Pratchett,Thetford site 2,2,308,218,47,13,3,27,0,3.624855,0,70.77922078,29.22077922,29.22077922
16-071,Moore,Pratchett,Moore site 1,2,356,300,28,24,3,1,0,3.624855,0,84.26966292,15.73033708,15.73033708
16-071,Moore,Pratchett,Moore site 2,2,350,281,47,0,0,20,2,3.624855,0.571428571,80.28571429,19.14285714,19.71428571
16-073,Elford,Pratchett,Elford site 1,2,216,82,47,14,9,54,10,3.624855,4.62962963,37.96296296,57.40740741,62.03703704
16-073,Elford,Pratchett,Elford site 2,2,308,189,59,26,9,22,3,3.624855,0.974025974,61.36363636,37.66233766,38.63636364
16-055,Little Fitzroy,Pratchett,Little Fitzroy site 1,2,174,174,0,0,0,0,0,3.624855,0,100,0,0
16-055,Little Fitzroy,Pratchett,Little Fitzroy site 2,2,394,388,2,3,0,1,0,3.624855,0,98.47715736,1.52284264,1.52284264
17-004,Scott,Baird,Scott site 2,2,570,434,82,19,31,4,0,3.566944,0,76.14035088,23.85964912,23.85964912
13-093b,13-093b,Pratchett,13-093b site 1,2,541,311,15,28,116,65,6,3.201134,1.109057301,57.48613678,41.40480591,42.51386322
13-093b,13-093b,Pratchett,13-093b site 2,2,528,365,45,32,7,59,20,3.201134,3.787878788,69.12878788,27.08333333,30.87121212
16-049,Green Island,Pratchett,Green Island site 1,2,291,145,99,8,6,31,2,3.141624,0.687285223,49.82817869,49.48453608,50.17182131
16-049,Green Island,Pratchett,Green Island site 2,2,212,128,23,5,7,49,0,3.141624,0,60.37735849,39.62264151,39.62264151
19-010,Picnic,Willis,Picnic site 1,3,772,763,0,9,0,0,0,2.991218,0,98.83419689,1.165803109,1.165803109
19-010,Picnic,Willis,Picnic site 2,3,203,197,0,4,1,1,0,2.991218,0,97.04433498,2.955665025,2.955665025
18-030,Kelso,Willis,Kelso site 1,3,862,772,23,26,5,36,0,2.80436,0,89.55916473,10.44083527,10.44083527
18-030,Kelso,Willis,Kelso site 2,3,1067,932,30,61,28,16,0,2.80436,0,87.34770384,12.65229616,12.65229616
18-032,Rib,Baird,Rib site 1,2,608,564,24,13,7,0,0,2.80436,0,92.76315789,7.236842105,7.236842105
18-032,Rib,Baird,Rib site 2,2,600,564,26,8,2,0,0,2.80436,0,94,6,6
18-096,Davies,Willis,Davies site 1,3,481,254,84,57,38,42,6,2.660059,1.247401247,52.80665281,45.94594595,47.19334719
18-096,Davies,Willis,Davies site 2,3,498,350,76,31,19,22,0,2.660059,0,70.2811245,29.7188755,29.7188755
18-049a,Cattle or Orpheus Reef (No 1),Willis,Cattle site 1,3,569,408,65,66,11,19,0,1.894562,0,71.70474517,28.29525483,28.29525483
18-049a,Cattle or Orpheus Reef (No 1),Willis,Cattle site 2,3,557,486,38,22,4,7,0,1.894562,0,87.25314183,12.74685817,12.74685817