ID,Faviidae,Isopora,Montipora,Mussidae,Other Acropora,Other Pocillopora,Other Scleractinia,Other sessile fauna,Pocillopora damicornis,Poritidae,Seriatopora,Soft corals,Staghorn Acropora,Stylophora,Tabular Acropora,ReefName,Bleach,Time
13-117b_A,42,3.9,39.8,7.9,77,21.1,0.8,10.4,26.2,58.1,0,14.9,35.3,0,20.5,13-117b,2,April
15-048_A,10.8,6.2,1,1.5,80.4,28.1,3.5,75.7,17.5,8.7,2,15.4,43.8,3.1,80,15-048,4,April
15-070_A,21,0.5,0.8,0.4,9.4,0,2.6,5.8,9.5,69.8,2.6,117.4,5.5,3,0,15-070,4,April
15-077_A,15.9,30.5,10.8,0,53.1,8,8.2,2.8,19.9,29,3.1,38.4,49.7,0.5,45,15-077,4,April
16-014_A,10,0,4,0,52,10.4,9.2,0.4,15.2,3.8,26.4,26.2,38.4,2.4,102.2,16-014,4,April
Agincourt_A,22.8,23.3,4,0.5,156.5,17.8,0.5,29.2,14.4,79.1,0,69.2,17.5,30.7,27.3,Agincourt,4,April
Arlington_A,13.7,0.75,2.7,3.05,43.05,10.15,3.5,9.1,31.4,13.25,0.25,168.4,59.65,10.25,13.3,Arlington,3,April
Bayag_A,35.125,10.5,6.75,3.625,26.25,0,2,0,3.25,14.5,4.375,3.75,80.375,5.125,54.375,Bayag,4,April
Burke_A,42.9,12,5,3.4,24.5,3.5,29.3,3,12.2,10.2,0.9,42.6,24.9,0,15.2,Burke,4,April
Carter_A,12.7,11.2,5.7,8.5,68.5,1.1,3.5,2,2.7,23.9,0,8.9,28.9,20.4,20.7,Carter,4,April
Centipede_A,18.4,44,14.6,0,37.8,0,0,0,44.2,1,22.8,1.6,5.4,4.2,7.6,Centipede,3,April
Chinaman_A,31.7,1.2,3.5,4.6,133.7,24.3,1.9,1.6,33.2,13.1,0.9,20.3,18.3,15.7,99.7,Chinaman,4,April
Crescent_A,59.2,5.8,8.2,6,2.2,2,2,4.6,11.2,26.4,0,79,0,0,0.8,Crescent,4,April
Davies_A,18.91666667,31.66666667,10.66666667,0.583333333,66.5,8.25,2.5,0,39.66666667,10.83333333,8.416666667,1.666666667,69.33333333,37.41666667,0,Davies,3,April
Devlin_A,11.1,57.6,4.9,0,80.2,4.1,0.7,0,6.3,11.2,7.8,0,94.9,19.4,11.6,Devlin,4,April
Dip_A,32.83333333,10.41666667,44.08333333,1.916666667,16.41666667,4.583333333,15.83333333,0,3.416666667,9.666666667,0,16.91666667,6.75,11.41666667,3.166666667,Dip,2,April
Dugong_A,59.5,7.5,31.125,9.375,45.75,0,17.125,2,14.75,42.125,6.875,3.125,110.375,1.875,129,Dugong,4,April
Elford_A,19.1,13.8,5.5,2,99.3,10.6,0,2.5,25.4,5.2,0.5,58.5,0.8,8,14.2,Elford,3,April
Endeavour_A,24.3,13.6,1.7,2.5,25.7,0.6,13.7,8.4,2.4,51,9.4,150,43.8,4.5,1.8,Endeavour,4,April
Evening_A,10.2,1.8,11.6,2.7,57.4,0,0.7,0,4.6,0,2.6,92.8,51.8,0,41.4,Evening,4,April
Eyrie_A,63,0,29.6,1,11.8,0,18.4,4,14.8,77.6,6,212.8,0,15.8,0,Eyrie,4,April
Ferguson_A,36.8,33,8.1,4.8,74.1,6.4,0,0,2.4,7.8,0,4.1,0,4.1,14.3,Ferguson,4,April
Fork_A,37.83333333,3.583333333,16.66666667,6.166666667,26,0.666666667,12.41666667,0,24,11.58333333,17.83333333,7,0.583333333,25.33333333,1.666666667,Fork,3,April
GreatDetached_A,8.4,78.8,9.8,2.2,41,15.6,9.2,0,0,3.2,0,47.6,3.6,14.4,0,GreatDetached,4,April
GreenIsland_A,16.9,34,0,5.9,69.6,7.2,3.3,33.3,19.1,27.4,9.6,62,49.4,0,22.9,GreenIsland,3,April
Heldson_A,20,7.3,0,15.1,14.4,0,6.2,11.9,6.8,72.8,2.2,68.3,2.8,1.6,0,Heldson,4,April
Heron_A,40,2.5,198.8333333,2.333333333,68.16666667,0,9.5,4.833333333,0,0,2.833333333,3.833333333,141.1666667,0,137.3333333,Heron,0,April
Hicks_A,38.2,6,1,0,31.6,9.6,4.4,6,4.6,26.2,1,35.6,0,20.4,1.6,Hicks,4,April
Hilder_A,10,18.5,10.4,1,32.4,10.7,27.1,4,15.2,114.8,1.8,4.7,35.2,22.9,11.6,Hilder,4,April
Ingram_A,98.4,0,13.7,26.2,178.4,0.5,17.8,18.8,26.1,27.5,13.5,51.5,76.4,9,30.6,Ingram,4,April
Job_A,25.6,58.06666667,2.133333333,0.466666667,60.53333333,15.13333333,0,1.466666667,4.266666667,4.2,1.666666667,6.133333333,17.33333333,11.4,31.6,Job,4,April
Kelso_A,25,0,39.66666667,1.25,101.5,10.5,6.833333333,13.66666667,1.333333333,21.41666667,12.41666667,81.83333333,56.75,22.91666667,75.41666667,Kelso,2,April
Knife_A,63.83333333,11,32.16666667,5.666666667,22,0,19.16666667,14.91666667,0.833333333,16.16666667,0.333333333,36,2.333333333,17.33333333,4.5,Knife,2,April
LittleFitzroy_A,20.9,0,8.5,9.5,52.2,4,2.7,75.9,8.6,51.5,0,167.4,44.2,5.7,12,LittleFitzroy,1,April
Lizard_A,25.4,2,1.2,1.3,16.7,3.8,3.5,1.3,6.3,58,0,164.3,0,12.1,1.2,Lizard,4,April
Mackay_A,31.5,5,17,5.7,25.3,3,3.1,5,10,50.7,3.3,66.1,11.7,5.2,57.7,Mackay,4,April
Mantis_A,48.8,141.4,4.2,4,90,6.2,0,0,7.4,0,4.6,0,11.8,31.2,37.4,Mantis,4,April
Moore_A,5.6,32.2,17,0.8,147.4,20.9,4.1,3.5,9.8,17.6,0,55.9,23,12.8,60.8,Moore,2,April
MorrisIsland_A,14.2,0,2.6,5.5,171.2,1,11.9,15.3,0.6,55.2,0.5,33.5,58,3.2,31.3,MorrisIsland,4,April
NoName_A,19.1,9.1,11.8,1.2,57.1,4.9,4.5,4.7,0.5,13.3,0,25.2,37.9,10.8,16.5,NoName,4,April
NthDirection_A,12.7,0,0.6,0,45.3,0.5,7.2,2,8.1,85.4,3.9,41.5,0,20.3,0,NthDirection,4,April
Ogilvie_A,9.4,24.6,5.4,3.5,103.6,19.2,1.4,4.2,7.2,9.5,1,5.6,133.4,9.9,59,Ogilvie,3,April
OneTree_A,11.33333333,2.666666667,13.5,2.833333333,19.66666667,0,2.333333333,7,2.833333333,0,40.66666667,236.6666667,2.666666667,8.5,30,OneTree,0,April
Opal_A,18,5.6,2.5,4.5,217.4,16.3,0,11.1,25.3,17.4,0,54.2,5.5,27.5,12.1,Opal,4,April
Parke_A,29.7,18.2,14.8,18,49.2,0.9,0.5,24.1,11,13.4,3.1,26.3,0.4,6.8,1.8,Parke,4,April
Pickersgill_A,22.9,2.2,0.8,1.9,41.1,4.7,9.1,3.8,2.4,4.6,0,190.4,3.2,0,13.6,Pickersgill,4,April
Rib_A,14.5,6.1,10.4,0,218.2,27.5,0,4.2,0,1.6,0,12,41.2,4.9,268.7,Rib,1,April
Ribbon4_A,34.325,14,6.75,5.425,154.625,6.5,27.9,8.275,8.875,21.85,0,26.45,2,12.975,10.45,Ribbon4,4,April
Ribbon8_A,41.4,2.5,5.8,2.1,108.8,3.1,5.4,22.2,15.3,24.9,0.6,56.9,0,18.8,3.5,Ribbon8,4,April
Ribbon9_A,72.6,3,15.15,8.175,76.3,18.5,12.125,4.85,12.3,26.425,0,183.75,12.325,6.45,33.025,Ribbon9,4,April
Rudder_A,14.6,0,0,11.1,43.2,6.9,7.9,7.7,34.4,10.4,0,69.6,171.1,2,2.9,Rudder,4,April
Scott_A,4,0,23.4,0,77.4,3.8,5.8,0,6.2,10,3.2,170.6,0,41,36.6,Scott,2,April
Star_A,1.8,12.4,0,0,86.8,5.8,2.6,2.4,0,2,1,0,0,22,2.8,Star,4,April
Startle_A,6,1.3,3.2,5,10.1,0,1.5,6.8,8.4,10.3,0.7,42.3,57.6,5.5,0,Startle,4,April
SthDirection_A,18.4,0,0,0,11.2,0,6.2,0,0,121,0,41.6,0,0,0,SthDirection,4,April
Thetford_A,19.1,6.6,1.8,2.6,75,44.9,3,8.3,16.3,5.9,0,121,9.5,2.9,49.1,Thetford,2,April
Undine_A,23.9,12.8,0,6,59.8,3.4,4.9,10.8,30.4,17.3,1.7,165,35.4,2.1,71.5,Undine,4,April
Waining_A,15,2,2.8,0.3,8.5,3,0.8,8.5,3.3,97.1,1.6,43.7,0,5.9,0,Waining,4,April
Wilson_A,36.6,0.4,15.5,7.5,86.6,14.6,13.5,14.4,10.7,23,1.1,66.4,11.8,3.3,33.7,Wilson,3,April
Wistari_A,49.66666667,54.5,67.33333333,8.833333333,77.16666667,0,119.3333333,10.83333333,4.666666667,34.16666667,3,26.5,119.8333333,35.16666667,24.16666667,Wistari,0,April
Wood_A,21.075,50.7,55.4,0,109.9,49.275,0,0,1.3,1.8,3.05,1.2,8.3,17.625,67.15,Wood,4,April
Yonge_A,20,22.6,6.2,0,29.4,1.4,0,0,0,14,0,5.2,0,2.8,5.4,Yonge,4,April
Zenith_A,5.1,0,12.2,0,100.7,7.1,6.2,0,13,4,0,9.6,209.6,0,111.3,Zenith,4,April
13-117b_O,22.9,0.4,18.2,0.5,76,0,3.1,0,18.5,12.5,1.7,2.6,74.2,7.1,24.4,13-117b,2,October
15-048_O,3,0.9,0,0.5,14.6,13.2,0,2.85,4.2,1,0,9.6,46.9,0.3,41.7,15-048,4,October
15-070_O,6.2,0,0.8,7,1.5,0,1.3,4.8,2.5,45.1,0,70.1,0,2,0,15-070,4,October
15-077_O,14.9,0,0,2,2.2,0,0,2.7,37.3,5.3,0,7.7,26.8,2.2,0,15-077,4,October
16-014_O,7.6,0,15.4,11.2,4,4.6,15.2,1.6,6.8,66.8,0,30,2.4,0,61.8,16-014,4,October
Agincourt_O,8.5,0,1.8,3.1,71.5,16.8,3.5,6.1,8.5,6.2,0,41.5,4.4,0,12.6,Agincourt,4,October
Arlington_O,9.6,1.55,1.4,1.4,45.25,17.65,11.9,0.75,21.65,20.25,0,183.05,32.5,2.55,5.45,Arlington,3,October
Bayag_O,6.3,0,0,0,0,0,3.2,1.9,0,3.1,0,1.4,0,0,0,Bayag,4,October
Burke_O,18.8,0,11,0.7,0,0,5.6,2.4,3.8,9.1,1.4,11.2,0,0,0,Burke,4,October
Carter_O,0,0,0,1.4,0,4.1,0,0,0,6,0,5,0,0,0,Carter,4,October
Centipede_O,4.8,38.8,17.8,2.4,69.4,6,5,0,23.4,5,14.8,0,2.6,6.6,14.8,Centipede,3,October
Chinaman_O,8.4,0,0,4.3,17.6,17.1,2,0,4,7.9,0,3,0,0,0.8,Chinaman,4,October
Crescent_O,33.6,0,3,0,0,0,0,0,5,20.8,0,39,0,0,0,Crescent,4,October
Davies_O,10.4,65.5,7.8,1.8,24.9,3.5,4.6,11.9,17.9,12.3,2,0,82,13.4,16.5,Davies,3,October
Devlin_O,7.3,28.5,19,0.5,182.3,14.5,1.4,0.7,8.4,9.1,4.8,1.3,10.2,15.8,24.3,Devlin,4,October
Dip_O,15.4,74.7,1.9,0.2,57.6,6.1,0,1.2,5.6,28.1,0,1.1,8.1,9.1,15.9,Dip,2,October
Dugong_O,29.6,1.3,0,1.4,0,0,2.5,1,0,6.7,0,8.2,0,0,0,Dugong,4,October
Elford_O,9.5,17.70833333,1.75,2.5,117.2,5.3,3.7,4.9,41.5,5.7,0.4,70.8,21.6,12.2,34.7,Elford,3,October
Endeavour_O,10.7,6.3,0.5,2.1,20.9,2.7,17.7,1.1,4.1,49.8,1.5,69.4,8.4,0,0,Endeavour,4,October
Evening_O,33.7,2.8,21.8,4.3,37.4,3.6,0.5,1.9,0,5.2,0,33.7,3,0.5,8.1,Evening,4,October
Eyrie_O,3,0,0,3.6,0,0,0,9.6,0,15,0,64.4,0,2.8,0,Eyrie,4,October
Ferguson_O,14.9,31.8,2,0.7,99.8,0.3,0,0,5.1,1.9,0.3,10.9,0,7,7.5,Ferguson,4,October
Fork_O,32.9,0.3,11.3,7,37.5,5.8,0,0,11.6,9.5,0.6,0,1,17.4,22.4,Fork,3,October
GreatDetached_O,8,1.8,19,0.4,43,25.2,7.2,16,0,2.6,0.6,63.6,0,7.2,4.4,GreatDetached,4,October
GreenIsland_O,22.2,27.1,18.7,0.8,102.4,27.8,2.5,54.3,3.5,13.1,0,71.5,6.8,0,28.7,GreenIsland,3,October
Heldson_O,24.6,8,2.5,4,9.3,0.6,4.5,0.5,5.3,35.5,4.7,24.6,0,1.7,9.3,Heldson,4,October
Heron_O,154.6666667,18.33333333,172,18,197.3333333,0,0,22.33333333,5.666666667,24,9,19.33333333,121.6666667,1.666666667,357.6666667,Heron,0,October
Hicks_O,15.6,0,0,2.2,2,11.6,0,0,0,1.2,0,2,0,0,0,Hicks,4,October
Hilder_O,2,0,0,2.7,5.1,17.1,0,0,1.2,6.3,0,0.8,0,1,2.2,Hilder,4,October
Ingram_O,58,0,7.1,9.1,26,0.8,15.3,5,4.9,28.6,0.4,114.3,2.4,0,0,Ingram,4,October
Job_O,7.333333333,21.6,7.6,0,96.66666667,15.6,0,0.533333333,8.333333333,5.933333333,0,0,0,9.533333333,2.133333333,Job,4,October
Kelso_O,4.7,2.4,3.6,0.6,94.2,7.8,0,0.5,15.5,3.8,4.2,16.4,19.3,11.2,284.2,Kelso,2,October
Knife_O,29.55,7.625,14.45,4.375,90.05,3.9,7.775,0,11.175,31.425,0,2.4,9.5,27.15,4.8,Knife,2,October
LittleFitzroy_O,17,2.2,35.2,3.7,102.7,14.3,14.1,25.6,2,32,0,102.6,75.7,0.8,28.8,LittleFitzroy,1,October
Lizard_O,7.2,0,0,1.4,3,0,0,0,8,95.6,0,20.2,0,0,0,Lizard,4,October
Mackay_O,8.4,0,5,0,0.8,1.2,6.9,2.9,0.9,13.1,2,22.6,0,0,0,Mackay,4,October
Mantis_O,41.4,1.4,0,0.6,31.4,4.2,0,0,5.4,0,0,0,0,8,0,Mantis,4,October
Moore_O,3.1,0,12.2,4.7,187.5,30.3,0,38.4,9.3,13.4,8.5,266.3,13.2,9.3,94.9,Moore,2,October
MorrisIsland_O,15.4,0.8,1.5,0.8,60.1,0,2.4,6,1.2,31.1,0,9.3,44.4,0,22.1,MorrisIsland,4,October
NoName_O,0,0,0,0,0,7.7,0.4,0,0,0,0,0,0,0,0,NoName,4,October
NthDirection_O,1.4,0,0,3.6,1.5,3.3,0,0,0,5.5,1.2,2.3,0,0,0,NthDirection,4,October
Ogilvie_O,7.5,6.6,4.3,4.8,85.3,0,3.8,6.7,7.3,1.7,0.6,7.8,93.5,3.3,30.5,Ogilvie,3,October
OneTree_O,93.66666667,52,86.66666667,9.333333333,71,0,23,39.5,56.33333333,5.666666667,24,186.6666667,33.33333333,38,128,OneTree,0,October
Opal_O,12.2,0.8,3.4,0.8,35,19.9,0.3,1,2.6,11.2,0,43.7,0.5,0,1.2,Opal,4,October
Parke_O,5.3,0,0,0,0,2,0,5,1.2,1.8,0,12.4,0,0,0,Parke,4,October
Pickersgill_O,7.5,1,0,8.6,37.4,0,1.2,0,1.6,7.5,0,104.5,2,0,23.5,Pickersgill,4,October
Rib_O,8.2,2.2,3.7,0,200.1,17.6,0,1.6,1.4,5.6,0.8,2,55.3,0.5,310.6,Rib,1,October
Ribbon4_O,7.5,0,1.5,7.2,0,6.6,0.5,1.483333333,3.4,5.2,0,40.9,0,0,0,Ribbon4,4,October
Ribbon8_O,18.3,0,2.2,4.6,10,16.6,0,11.1,0.9,9,0,29.3,0,1.8,0,Ribbon8,4,October
Ribbon9_O,16.8,0,1.3,3.4,32,11.4,3.4,1,3.4,9.9,0,95.7,6.1,4.8,18,Ribbon9,4,October
Rudder_O,9.2,0,2.7,17.1,13.1,13.7,1.7,6.2,3.1,11,0,44.4,48.9,0,2.3,Rudder,4,October
Scott_O,11.6,0,0,3.4,66.4,0,26.2,5.2,0,29.4,0,174.2,0.6,20.4,45.2,Scott,2,October
Star_O,8,8.4,0,0,122.8,11.4,0,0,3.2,5.8,0,6.6,0,10,2.4,Star,4,October
Startle_O,0.8,0,1.5,0,6.9,0,0.5,5.6,0,6.5,0.9,7.1,38.7,0,0,Startle,4,October
SthDirection_O,15.8,0,0,2,0,0,0,1,2.6,40.8,3.8,44.8,0,1.2,0,SthDirection,4,October
Thetford_O,6.3,0,4,4,46.1,34.8,2.9,0,7,8.5,0,93.5,6.4,2.1,10.1,Thetford,2,October
Undine_O,12.3,1,3.5,5.2,26.8,7.7,2.1,6,4.6,7.4,2.7,99.9,7.3,0.7,13.3,Undine,4,October
Waining_O,1.1,0,1.5,0,0,0,2.2,1.1,0,99.1,0,15.4,0,0,0,Waining,4,October
Wilson_O,28.7,2.7,6.7,0.6,75.9,0,5.2,2.4,11.4,11.8,0,58.6,2.5,13.8,3.5,Wilson,3,October
Wistari_O,69.66666667,180.6666667,198,15,349.6666667,0,84.66666667,2.333333333,36.66666667,6,0,66.33333333,194.3333333,1.666666667,146.3333333,Wistari,0,October
Wood_O,3.8,40.5,4.6,0,143.1,29.3,0,0,2.4,7.7,0,2.5,3,4.7,17.9,Wood,4,October
Yonge_O,11.6,0,0,0,0,4.6,0,0,0,2.8,0,0,0,0,0,Yonge,4,October
Zenith_O,6.1,0,28.4,0.7,41.4,0,4.8,5,2.2,1.8,0.6,5.9,0,0,0,Zenith,4,October