,Reef,region
1,Dugong,Cape Grenville
3,11-203,Cape Grenville
4,Bayag,Cape Grenville
6,Wood,Cape Grenville
8,Great Detached,Cape Grenville
9,Devlin,Cape Grenville
11,Star,Cape Grenville
12,Job,Cape Grenville
15,Yonge,Lizard
17,Carter,Lizard
19,No Name,Lizard
21,North Direction,Lizard
23,Hilder,Lizard
25,Hicks,Lizard
27,Martha,Cape Grenville
28,Mantis,Cape Grenville
29,Ferguson,Cape Grenville
31,12-059,Cape Grenville
32,Lizard Island,Lizard
34,Crescent,Lizard
36,Waining,Lizard
38,Ribbon 9,Lizard
40,Ribbon 10,Lizard
42,South Direction,Lizard
44,Turtle Grp (south),Lizard
46,Turtle Grp (north),Lizard
48,Ribbon 8,Lizard
50,Long ,NA
52,Mackay ,NA
54,Startle ,NA
56,Heldson,Lizard
58,Switzer,Lizard
60,Combe,Cape Grenville
62,Ingram,Lizard
64,Ribbon 4,Cairns
66,Wilson,Princess Charlotte Bay
68,Burke,Cape Grenville
70,13-117b,Princess Charlotte Bay
72,Blanchard,Princess Charlotte Bay
74,Evening,Lizard
76,Endeavour,Lizard
78,Pickersgill,Lizard
80,Agincourt Reefs (No 1),Lizard
82,Opal,Lizard
84,Ogilvie,Princess Charlotte Bay
86,13-077,Princess Charlotte Bay
89,Noddy 3,Princess Charlotte Bay
91,Arlington,Cairns
95,Undine ,Lizard
97,Rudder,Lizard
99,Morris Island,Princess Charlotte Bay
101,Zenith,Cape Grenville
103,Batt,Cairns
105,Corbett,Princess Charlotte Bay
108,13-122,Princess Charlotte Bay
109,Dip,Cape Bowling Green
111,Thetford,Cairns
113,Moore,Cairns
115,Elford,Cairns
117,Little Fitzroy,Cairns
119,Scott,Cairns
120,13-093b,Princess Charlotte Bay
122,Green Island,Cairns
124,Picnic,Cape Bowling Green
126,Kelso,Cape Bowling Green
128,Rib,Cape Bowling Green
130,Davies,Cape Bowling Green
132,Cattle or Orpheus Reef (No 1),Cape Bowling Green