ReefID,5k_DHW (degree Centigrade weeks),InstantMortality (%),PercentBleached (%),ChangeInCover (log10(final cover) - log10(initial cover)),DeltaMDS (shift in 2D co-ordinate space),,,,,,
10-576,8.89,24.50,73.59,-0.98,2.24,,,,,,
10-582a,8.84,26.97,78.45,-1.20,2.65,,,,,,
11-228,8.96,6.00,43.45,-0.17,0.30,,,,,,
11-229a,7.79,2.35,39.37,0.02,0.31,,,,,,
11-239,7.32,4.37,63.83,0.11,0.41,,,,,,
11-241,7.32,15.92,48.29,-0.14,-0.05,,,,,,
11-244c,8.92,17.23,70.15,-0.07,0.23,,,,,,
12-056,8.06,42.42,72.04,-0.62,1.06,,,,,,
12-058,7.53,4.40,27.59,-0.03,-0.24,,,,,,
12-105,7.04,33.54,72.26,-0.55,1.52,,,,,,
12-115,7.86,48.30,81.80,-0.69,1.78,,,,,,
13-072,8.23,13.60,62.04,-0.32,-0.01,,,,,,
13-076,6.67,3.01,46.17,-0.18,0.00,,,,,,
13-117b,6.81,4.14,17.82,-0.14,-0.48,,,,,,
13-129,7.15,1.68,31.38,-0.18,0.25,,,,,,
14-064,7.34,29.97,79.06,-0.34,0.79,,,,,,
14-082,7.80,14.13,64.13,-0.31,0.61,,,,,,
14-083,10.08,47.47,84.46,-0.90,1.94,,,,,,
14-085,9.42,23.86,57.02,-0.92,1.20,,,,,,
14-086,9.57,44.74,78.71,-0.73,3.58,,,,,,
14-088,7.49,12.63,62.04,-0.20,1.42,,,,,,
14-116b,6.54,15.24,76.41,-0.34,1.08,,,,,,
14-118,7.00,27.02,76.14,-0.66,0.93,,,,,,
14-135,5.25,21.42,59.96,-0.23,0.48,,,,,,
14-137,9.99,46.05,91.73,-1.12,2.92,,,,,,
14-138,10.01,53.56,90.79,-0.75,1.74,,,,,,
14-139,9.47,40.36,77.20,-1.43,3.19,,,,,,
14-143,7.10,18.43,80.13,-1.08,1.76,,,,,,
14-147a,6.00,11.70,89.47,-0.25,0.28,,,,,,
14-154,8.14,16.06,70.77,-0.37,0.53,,,,,,
15-021a,7.78,30.91,90.51,-0.48,0.69,,,,,,
15-024,5.33,20.25,70.11,-0.67,1.13,,,,,,
15-028,5.11,16.28,72.46,-0.36,-0.09,,,,,,
15-046,7.70,50.59,88.00,-0.66,1.36,,,,,,
15-048,5.91,16.10,81.56,-0.43,0.17,,,,,,
15-070,4.38,16.22,67.35,-0.24,0.56,,,,,,
15-077,4.87,26.13,82.55,-0.49,-0.15,,,,,,
15-089,3.00,14.10,64.37,-0.26,0.45,,,,,,
15-093,2.99,6.78,40.43,-0.19,0.25,,,,,,
15-095,2.77,22.92,72.16,-0.25,1.09,,,,,,
15-099d,5.04,0.14,51.94,-0.43,0.66,,,,,,
16-014,3.13,3.99,65.51,-0.12,0.79,,,,,,
16-020a,3.05,5.21,56.55,-0.35,0.60,,,,,,
16-023,3.25,2.21,45.08,-0.34,0.42,,,,,,
16-024,3.84,2.65,52.64,-0.79,1.35,,,,,,
16-025,5.59,7.13,67.89,-0.50,0.85,,,,,,
16-049,3.47,0.34,22.46,0.02,-0.26,,,,,,
16-055,2.77,0.00,0.51,-0.01,-0.43,,,,,,
16-064,4.39,1.72,19.83,-0.03,0.18,,,,,,
16-068,3.67,0.13,15.94,-0.21,0.47,,,,,,
16-071,3.49,0.29,7.08,0.23,-0.07,,,,,,
16-073,2.85,2.80,29.88,0.12,-0.38,,,,,,
17-004,2.62,0.00,9.47,0.00,0.44,,,,,,
18-030,3.26,0.00,8.81,0.00,-0.51,,,,,,
18-032,2.23,0.00,2.48,0.00,-0.05,,,,,,
18-039,5.88,0.00,17.71,0.10,-0.54,,,,,,
18-081,3.49,0.57,23.29,0.00,-0.65,,,,,,
18-083,3.07,2.76,21.74,-0.09,-0.38,,,,,,
18-088,2.00,4.56,24.92,0.02,0.20,,,,,,
18-096,1.84,0.62,22.09,-0.05,-0.60,,,,,,
23-052,0.16,0.00,0.34,-0.04,0.13,,,,,,
23-053,0.17,0.00,0.61,0.03,-0.46,,,,,,
23-055,0.15,0.00,0.45,0.05,-0.55,,,,,,