ReefID,Faviidae,Isopora,Montipora,Mussidae,Other Acropora,Other Pocillopora,Other Scleractinia,Other sessile fauna,Pocillopora damicornis,Poritidae,Seriatopora,Soft corals,Staghorn Acropora,Stylophora,Tabular Acropora,,,,,,,,,,,,,,,,
10-576,5.95,0.75,3.11,0.94,4.58,0.00,1.71,0.20,1.48,4.21,0.69,0.31,11.04,0.19,12.90,,,,,,,,,,,,,,,,
10-582a,3.51,1.05,0.68,0.36,2.63,0.00,0.20,0.00,0.33,1.45,0.44,0.38,8.04,0.51,5.44,,,,,,,,,,,,,,,,
11-191,3.82,0.60,0.10,0.00,3.16,0.96,0.44,0.60,0.46,2.62,0.10,3.56,0.00,2.04,0.16,,,,,,,,,,,,,,,,
11-228,2.11,5.07,5.54,0.00,10.99,4.93,0.00,0.00,0.13,0.18,0.31,0.12,0.83,1.76,6.72,,,,,,,,,,,,,,,,
11-229a,1.11,5.76,0.49,0.00,8.02,0.41,0.07,0.00,0.63,1.12,0.78,0.00,9.49,1.94,1.16,,,,,,,,,,,,,,,,
11-239,0.18,1.24,0.00,0.00,8.68,0.58,0.26,0.24,0.00,0.20,0.10,0.00,0.00,2.20,0.28,,,,,,,,,,,,,,,,
11-241,2.56,5.81,0.21,0.05,6.05,1.51,0.00,0.15,0.43,0.42,0.17,0.61,1.73,1.14,3.16,,,,,,,,,,,,,,,,
11-244,0.84,7.88,0.98,0.22,4.10,1.56,0.92,0.00,0.00,0.32,0.00,4.76,0.36,1.44,0.00,,,,,,,,,,,,,,,,
12-056,4.88,14.14,0.42,0.40,9.00,0.62,0.00,0.00,0.74,0.00,0.46,0.00,1.18,3.12,3.74,,,,,,,,,,,,,,,,
12-058,3.68,3.30,0.81,0.48,7.41,0.64,0.00,0.00,0.24,0.78,0.00,0.41,0.00,0.41,1.43,,,,,,,,,,,,,,,,
12-105,4.29,1.20,0.50,0.34,2.45,0.35,2.93,0.30,1.22,1.02,0.09,4.26,2.49,0.00,1.52,,,,,,,,,,,,,,,,
12-115,0.51,0.00,1.22,0.00,10.07,0.71,0.62,0.00,1.30,0.40,0.00,0.96,20.96,0.00,11.13,,,,,,,,,,,,,,,,
13-072,1.42,0.00,0.26,0.55,17.12,0.10,1.19,1.53,0.06,5.52,0.05,3.35,5.80,0.32,3.13,,,,,,,,,,,,,,,,
13-076,0.94,2.46,0.54,0.35,10.36,1.92,0.14,0.42,0.72,0.95,0.10,0.56,13.34,0.99,5.90,,,,,,,,,,,,,,,,
13-117b,4.20,0.39,3.98,0.79,7.70,2.11,0.08,1.04,2.62,5.81,0.00,1.49,3.53,0.00,2.05,,,,,,,,,,,,,,,,
13-129,3.66,0.04,1.55,0.75,8.66,1.46,1.35,1.44,1.07,2.30,0.11,6.64,1.18,0.33,3.37,,,,,,,,,,,,,,,,
14-064,9.84,0.00,1.37,2.62,17.84,0.05,1.78,1.88,2.61,2.75,1.35,5.15,7.64,0.90,3.06,,,,,,,,,,,,,,,,
14-082,5.92,0.58,0.82,0.60,0.22,0.20,0.20,0.46,1.12,2.64,0.00,7.90,0.00,0.00,0.08,,,,,,,,,,,,,,,,
14-083,2.97,1.82,1.48,1.80,4.92,0.09,0.05,2.41,1.10,1.34,0.31,2.63,0.04,0.68,0.18,,,,,,,,,,,,,,,,
14-085,1.00,1.85,1.04,0.10,3.24,1.07,2.71,0.40,1.52,11.48,0.18,0.47,3.52,2.29,1.16,,,,,,,,,,,,,,,,
14-088,1.50,0.20,0.28,0.03,0.85,0.30,0.08,0.85,0.33,9.71,0.16,4.37,0.00,0.59,0.00,,,,,,,,,,,,,,,,
14-116,2.54,0.20,0.12,0.13,1.67,0.38,0.35,0.13,0.63,5.80,0.00,16.43,0.00,1.21,0.12,,,,,,,,,,,,,,,,
14-118,6.30,0.00,2.96,0.10,1.18,0.00,1.84,0.40,1.48,7.76,0.60,21.28,0.00,1.58,0.00,,,,,,,,,,,,,,,,
14-135,2.00,0.73,0.00,1.51,1.44,0.00,0.62,1.19,0.68,7.28,0.22,6.83,0.28,0.16,0.00,,,,,,,,,,,,,,,,
14-137,1.27,1.12,0.57,0.85,6.85,0.11,0.35,0.20,0.27,2.39,0.00,0.89,2.89,2.04,2.07,,,,,,,,,,,,,,,,
14-138,2.00,2.26,0.62,0.00,2.94,0.14,0.00,0.00,0.00,1.40,0.00,0.52,0.00,0.28,0.54,,,,,,,,,,,,,,,,
14-139,1.91,0.91,1.18,0.12,5.71,0.49,0.45,0.47,0.05,1.33,0.00,2.52,3.79,1.08,1.65,,,,,,,,,,,,,,,,
14-143,1.27,0.00,0.06,0.00,4.53,0.05,0.72,0.20,0.81,8.54,0.39,4.15,0.00,2.03,0.00,,,,,,,,,,,,,,,,
14-147,1.84,0.00,0.00,0.00,1.12,0.00,0.62,0.00,0.00,12.10,0.00,4.16,0.00,0.00,0.00,,,,,,,,,,,,,,,,
14-154,7.26,0.30,1.52,0.82,7.63,1.85,1.21,0.49,1.23,2.64,0.00,18.38,1.23,0.65,3.30,,,,,,,,,,,,,,,,
15-021a,4.14,0.25,0.58,0.21,10.88,0.31,0.54,2.22,1.53,2.49,0.06,5.69,0.00,1.88,0.35,,,,,,,,,,,,,,,,
15-024,3.15,0.50,1.70,0.57,2.53,0.30,0.31,0.50,1.00,5.07,0.33,6.61,1.17,0.52,5.77,,,,,,,,,,,,,,,,
15-028,0.60,0.13,0.32,0.50,1.01,0.00,0.15,0.68,0.84,1.03,0.07,4.23,5.76,0.55,0.00,,,,,,,,,,,,,,,,
15-046,3.43,1.40,0.68,0.54,15.46,0.65,2.79,0.83,0.89,2.19,0.00,2.65,0.20,1.30,1.05,,,,,,,,,,,,,,,,
15-048,1.08,0.62,0.10,0.15,8.04,2.81,0.35,7.57,1.75,0.87,0.20,1.54,4.38,0.31,8.00,,,,,,,,,,,,,,,,
15-070,2.10,0.05,0.08,0.04,0.94,0.00,0.26,0.58,0.95,6.98,0.26,11.74,0.55,0.30,0.00,,,,,,,,,,,,,,,,
15-077,1.59,3.05,1.08,0.00,5.31,0.80,0.82,0.28,1.99,2.90,0.31,3.84,4.97,0.05,4.50,,,,,,,,,,,,,,,,
15-089,2.43,1.36,0.17,0.25,2.57,0.06,1.37,0.84,0.24,5.10,0.94,15.00,4.38,0.45,0.18,,,,,,,,,,,,,,,,
15-093,2.29,0.22,0.08,0.19,4.11,0.47,0.91,0.38,0.24,0.46,0.00,19.04,0.32,0.00,1.36,,,,,,,,,,,,,,,,
15-095,1.02,0.18,1.16,0.27,5.74,0.00,0.07,0.00,0.46,0.00,0.26,9.28,5.18,0.00,4.14,,,,,,,,,,,,,,,,
15-099d,2.28,2.33,0.40,0.05,15.65,1.78,0.05,2.92,1.44,7.91,0.00,6.92,1.75,3.07,2.73,,,,,,,,,,,,,,,,
16-014,1.00,0.00,0.40,0.00,5.20,1.04,0.92,0.04,1.52,0.38,2.64,2.62,3.84,0.24,10.22,,,,,,,,,,,,,,,,
16-020a,2.39,1.28,0.00,0.60,5.98,0.34,0.49,1.08,3.04,1.73,0.17,16.50,3.54,0.21,7.15,,,,,,,,,,,,,,,,
16-023,1.46,0.00,0.00,1.11,4.32,0.69,0.79,0.77,3.44,1.04,0.00,6.96,17.11,0.20,0.29,,,,,,,,,,,,,,,,
16-024,3.17,0.12,0.35,0.46,13.37,2.43,0.19,0.16,3.32,1.31,0.09,2.03,1.83,1.57,9.97,,,,,,,,,,,,,,,,
16-025,1.80,0.56,0.25,0.45,21.74,1.63,0.00,1.11,2.53,1.74,0.00,5.42,0.55,2.75,1.21,,,,,,,,,,,,,,,,
16-049,1.69,3.40,0.00,0.59,6.96,0.72,0.33,3.33,1.91,2.74,0.96,6.20,4.94,0.00,2.29,,,,,,,,,,,,,,,,
16-055,2.09,0.00,0.85,0.95,5.22,0.40,0.27,7.59,0.86,5.15,0.00,16.74,4.42,0.57,1.20,,,,,,,,,,,,,,,,
16-064,1.37,0.08,0.27,0.31,4.31,1.02,0.35,0.91,3.14,1.33,0.03,16.84,5.97,1.03,1.33,,,,,,,,,,,,,,,,
16-068,1.91,0.66,0.18,0.26,7.50,4.49,0.30,0.83,1.63,0.59,0.00,12.10,0.95,0.29,4.91,,,,,,,,,,,,,,,,
16-071,0.56,3.22,1.70,0.08,14.74,2.09,0.41,0.35,0.98,1.76,0.00,5.59,2.30,1.28,6.08,,,,,,,,,,,,,,,,
16-073,1.91,1.38,0.55,0.20,9.93,1.06,0.00,0.25,2.54,0.52,0.05,5.85,0.08,0.80,1.42,,,,,,,,,,,,,,,,
17-004,0.40,0.00,2.34,0.00,7.74,0.38,0.58,0.00,0.62,1.00,0.32,17.06,0.00,4.10,3.66,,,,,,,,,,,,,,,,
18-030,2.50,0.00,3.97,0.13,10.15,1.05,0.68,1.37,0.13,2.14,1.24,8.18,5.68,2.29,7.54,,,,,,,,,,,,,,,,
18-032,1.45,0.61,1.04,0.00,21.82,2.75,0.00,0.42,0.00,0.16,0.00,1.20,4.12,0.49,26.87,,,,,,,,,,,,,,,,
18-039,3.28,1.04,4.41,0.19,1.64,0.46,1.58,0.00,0.34,0.97,0.00,1.69,0.68,1.14,0.32,,,,,,,,,,,,,,,,
18-081,6.38,1.10,3.22,0.57,2.20,0.00,1.92,1.49,0.08,1.62,0.03,3.60,0.23,1.73,0.45,,,,,,,,,,,,,,,,
18-083,3.78,0.36,1.67,0.62,2.60,0.07,1.24,0.00,2.40,1.16,1.78,0.70,0.06,2.53,0.17,,,,,,,,,,,,,,,,
18-088,1.84,4.40,1.46,0.00,3.78,0.00,0.00,0.00,4.42,0.10,2.28,0.16,0.54,0.42,0.76,,,,,,,,,,,,,,,,
18-096,1.89,3.17,1.07,0.06,6.65,0.83,0.25,0.00,3.97,1.08,0.84,0.17,6.93,3.74,0.00,,,,,,,,,,,,,,,,
23-052,4.00,0.25,19.88,0.23,6.82,0.00,0.95,0.48,0.00,0.00,0.28,0.38,14.12,0.00,13.73,,,,,,,,,,,,,,,,
23-053,4.97,5.45,6.73,0.88,7.72,0.00,11.93,1.08,0.47,3.42,0.30,2.65,11.98,3.52,2.42,,,,,,,,,,,,,,,,
23-055,3.28,1.10,0.98,0.28,2.10,0.00,1.04,0.90,0.22,0.13,2.67,16.93,0.37,1.39,3.09,,,,,,,,,,,,,,,,