ReefID,Faviidae,Isopora,Montipora,Mussidae,Other Acropora,Other Pocillopora,Other Scleractinia,Other sessile fauna,Pocillopora damicornis,Poritidae,Seriatopora,Soft corals,Staghorn Acropora,Stylophora,Tabular Acropora
10-576,2.96,0.13,0.00,0.14,0.00,0.00,0.25,0.10,0.00,0.67,0.00,0.82,0.00,0.00,0.00
10-582a,0.63,0.00,0.00,0.00,0.00,0.00,0.32,0.19,0.00,0.31,0.00,0.14,0.00,0.00,0.00
11-191,1.56,0.00,0.00,0.22,0.20,1.16,0.00,0.00,0.00,0.12,0.00,0.20,0.00,0.00,0.00
11-228,0.38,4.05,0.46,0.00,14.31,2.93,0.00,0.00,0.24,0.77,0.00,0.25,0.30,0.47,1.79
11-229a,0.73,2.85,1.90,0.05,18.23,1.45,0.14,0.07,0.84,0.91,0.48,0.13,1.02,1.58,2.43
11-239,0.80,0.84,0.00,0.00,12.28,1.14,0.00,0.00,0.32,0.58,0.00,0.66,0.00,1.00,0.24
11-241,0.73,2.16,0.76,0.00,9.67,1.56,0.00,0.05,0.83,0.59,0.00,0.00,0.00,0.95,0.21
11-244,0.80,0.18,1.90,0.04,4.30,2.52,0.72,1.60,0.00,0.26,0.06,6.36,0.00,0.72,0.44
12-056,4.14,0.14,0.00,0.06,3.14,0.42,0.00,0.00,0.54,0.00,0.00,0.00,0.00,0.80,0.00
12-058,1.49,3.18,0.20,0.07,9.98,0.03,0.00,0.00,0.51,0.19,0.03,1.09,0.00,0.70,0.75
12-105,1.88,0.00,1.10,0.07,0.00,0.00,0.56,0.24,0.38,0.91,0.14,1.12,0.00,0.00,0.00
12-115,0.61,0.00,2.84,0.07,4.14,0.00,0.48,0.50,0.22,0.18,0.06,0.59,0.00,0.00,0.00
13-072,1.54,0.08,0.15,0.08,6.01,0.00,0.24,0.60,0.12,3.11,0.00,0.93,4.44,0.00,2.21
13-076,0.75,0.66,0.43,0.48,8.53,0.00,0.38,0.67,0.73,0.17,0.06,0.78,9.35,0.33,3.05
13-117b,2.29,0.04,1.82,0.05,7.60,0.00,0.31,0.00,1.85,1.25,0.17,0.26,7.42,0.71,2.44
13-129,2.87,0.27,0.67,0.06,7.59,0.00,0.52,0.24,1.14,1.18,0.00,5.86,0.25,1.38,0.35
14-064,5.80,0.00,0.71,0.91,2.60,0.08,1.53,0.50,0.49,2.86,0.04,11.43,0.24,0.00,0.00
14-082,3.36,0.00,0.30,0.00,0.00,0.00,0.00,0.00,0.50,2.08,0.00,3.90,0.00,0.00,0.00
14-083,0.53,0.00,0.00,0.00,0.00,0.20,0.00,0.50,0.12,0.18,0.00,1.24,0.00,0.00,0.00
14-085,0.20,0.00,0.00,0.27,0.51,1.71,0.00,0.00,0.12,0.63,0.00,0.08,0.00,0.10,0.22
14-088,0.11,0.00,0.15,0.00,0.00,0.00,0.22,0.11,0.00,9.91,0.00,1.54,0.00,0.00,0.00
14-116,0.72,0.00,0.00,0.14,0.30,0.00,0.00,0.00,0.80,9.56,0.00,2.02,0.00,0.00,0.00
14-118,0.30,0.00,0.00,0.36,0.00,0.00,0.00,0.96,0.00,1.50,0.00,6.44,0.00,0.28,0.00
14-135,2.46,0.80,0.25,0.40,0.93,0.06,0.45,0.05,0.53,3.55,0.47,2.46,0.00,0.17,0.93
14-137,0.00,0.00,0.00,0.14,0.00,0.41,0.00,0.00,0.00,0.60,0.00,0.50,0.00,0.00,0.00
14-138,1.16,0.00,0.00,0.00,0.00,0.46,0.00,0.00,0.00,0.28,0.00,0.00,0.00,0.00,0.00
14-139,0.00,0.00,0.00,0.00,0.00,0.77,0.04,0.00,0.00,0.00,0.00,0.00,0.00,0.00,0.00
14-143,0.14,0.00,0.00,0.36,0.15,0.33,0.00,0.00,0.00,0.55,0.12,0.23,0.00,0.00,0.00
14-147,1.58,0.00,0.00,0.20,0.00,0.00,0.00,0.10,0.26,4.08,0.38,4.48,0.00,0.12,0.00
14-154,1.68,0.00,0.13,0.34,3.20,1.14,0.34,0.10,0.34,0.99,0.00,9.57,0.61,0.48,1.80
15-021a,1.83,0.00,0.22,0.46,1.00,1.66,0.00,1.11,0.09,0.90,0.00,2.93,0.00,0.18,0.00
15-024,0.84,0.00,0.50,0.00,0.08,0.12,0.69,0.29,0.09,1.31,0.20,2.26,0.00,0.00,0.00
15-028,0.08,0.00,0.15,0.00,0.69,0.00,0.05,0.56,0.00,0.65,0.09,0.71,3.87,0.00,0.00
15-046,0.75,0.00,0.15,0.72,0.00,0.66,0.05,0.15,0.34,0.52,0.00,4.09,0.00,0.00,0.00
15-048,0.30,0.09,0.00,0.05,1.46,1.32,0.00,0.29,0.42,0.10,0.00,0.96,4.69,0.03,4.17
15-070,0.62,0.00,0.08,0.70,0.15,0.00,0.13,0.48,0.25,4.51,0.00,7.01,0.00,0.20,0.00
15-077,1.49,0.00,0.00,0.20,0.22,0.00,0.00,0.27,3.73,0.53,0.00,0.77,2.68,0.22,0.00
15-089,1.07,0.63,0.05,0.21,2.09,0.27,1.77,0.11,0.41,4.98,0.15,6.94,0.84,0.00,0.00
15-093,0.75,0.10,0.00,0.86,3.74,0.00,0.12,0.00,0.16,0.75,0.00,10.45,0.20,0.00,2.35
15-095,3.37,0.28,2.18,0.43,3.74,0.36,0.05,0.19,0.00,0.52,0.00,3.37,0.30,0.05,0.81
15-099d,0.85,0.00,0.18,0.31,7.15,1.68,0.35,0.61,0.85,0.62,0.00,4.15,0.44,0.00,1.26
16-014,0.76,0.00,1.54,1.12,0.40,0.46,1.52,0.16,0.68,6.68,0.00,3.00,0.24,0.00,6.18
16-020a,1.23,0.10,0.35,0.52,2.68,0.77,0.21,0.60,0.46,0.74,0.27,9.99,0.73,0.07,1.33
16-023,0.92,0.00,0.27,1.71,1.31,1.37,0.17,0.62,0.31,1.10,0.00,4.44,4.89,0.00,0.23
16-024,0.84,0.00,0.00,0.43,1.76,1.71,0.20,0.00,0.40,0.79,0.00,0.30,0.00,0.00,0.08
16-025,1.22,0.08,0.34,0.08,3.50,1.99,0.03,0.10,0.26,1.12,0.00,4.37,0.05,0.00,0.12
16-049,2.22,2.71,1.87,0.08,10.24,2.78,0.25,5.43,0.35,1.31,0.00,7.15,0.68,0.00,2.87
16-055,1.70,0.22,3.52,0.37,10.27,1.43,1.41,2.56,0.20,3.20,0.00,10.26,7.57,0.08,2.88
16-064,0.96,0.16,0.14,0.14,4.53,1.77,1.19,0.08,2.17,2.03,0.00,18.31,3.25,0.26,0.55
16-068,0.63,0.00,0.40,0.40,4.61,3.48,0.29,0.00,0.70,0.85,0.00,9.35,0.64,0.21,1.01
16-071,0.31,0.00,1.22,0.47,18.75,3.03,0.00,3.84,0.93,1.34,0.85,26.63,1.32,0.93,9.49
16-073,0.95,1.77,0.18,0.25,11.72,0.53,0.37,0.49,4.15,0.57,0.04,7.08,2.16,1.22,3.47
17-004,1.16,0.00,0.00,0.34,6.64,0.00,2.62,0.52,0.00,2.94,0.00,17.42,0.06,2.04,4.52
18-030,0.47,0.24,0.36,0.06,9.42,0.78,0.00,0.05,1.55,0.38,0.42,1.64,1.93,1.12,28.42
18-032,0.82,0.22,0.37,0.00,20.01,1.76,0.00,0.16,0.14,0.56,0.08,0.20,5.53,0.05,31.06
18-039,1.54,7.47,0.19,0.02,5.76,0.61,0.00,0.12,0.56,2.81,0.00,0.11,0.81,0.91,1.59
18-081,2.96,0.76,1.45,0.44,9.01,0.39,0.78,0.00,1.12,3.14,0.00,0.24,0.95,2.72,0.48
18-083,3.29,0.03,1.13,0.70,3.75,0.58,0.00,0.00,1.16,0.95,0.06,0.00,0.10,1.74,2.24
18-088,0.48,3.88,1.78,0.24,6.94,0.60,0.50,0.00,2.34,0.50,1.48,0.00,0.26,0.66,1.48
18-096,1.04,6.55,0.78,0.18,2.49,0.35,0.46,1.19,1.79,1.23,0.20,0.00,8.20,1.34,1.65
23-052,15.47,1.83,17.20,1.80,19.73,0.00,0.00,2.23,0.57,2.40,0.90,1.93,12.17,0.17,35.77
23-053,6.97,18.07,19.80,1.50,34.97,0.00,8.47,0.23,3.67,0.60,0.00,6.63,19.43,0.17,14.63
23-055,7.83,3.98,6.07,0.75,7.32,0.00,2.82,3.16,3.07,0.45,3.57,37.15,1.73,3.10,11.43