"","reef","site","zone","bl","dhw","cov1","cov2","Achange","Lchange","year","acro","por","change_use"
"1","10-576",NA,"Crest",73.59,8.89,48.06,5.07,-89.4506866416979,-0.98,"2016",28.52,4.21,-0.98
"2","10-582a",NA,"Crest",78.45,8.84,25.02,1.59,-93.6450839328537,-1.2,"2016",16.11,1.45,-1.2
"3","11-228",NA,"Crest",43.45,8.96,38.69,25.95,-32.9284052726803,-0.17,"2016",18.54,0.18,-0.17
"4","11-229a",NA,"Crest",39.37,7.79,30.98,32.81,5.90703679793414,0.02,"2016",18.67,1.12,0.02
"5","11-239",NA,"Crest",63.83,7.32,13.96,17.86,27.9369627507163,0.11,"2016",8.96,0.2,0.11
"6","11-241",NA,"Crest",48.29,7.32,24,17.51,-27.0416666666667,-0.14,"2016",10.94,0.42,-0.14
"7","11-244",NA,"Crest",70.15,8.92,23.38,19.9,-14.8845166809239,-0.07,"2016",4.46,0.32,-0.07
"8","12-056",NA,"Crest",72.04,8.06,38.7,9.24,-76.124031007752,-0.62,"2016",13.92,0,-0.62
"9","12-058",NA,"Crest",27.59,7.53,19.59,18.22,-6.9933639612047,-0.03,"2016",8.84,0.78,-0.03
"10","12-105",NA,"Crest",72.26,7.04,22.96,6.4,-72.1254355400697,-0.55,"2016",6.46,1.02,-0.55
"11","12-115",NA,"Crest",81.8,7.86,47.88,9.69,-79.7619047619048,-0.69,"2016",42.16,0.4,-0.69
"12","13-072",NA,"Crest",62.04,8.23,40.4,19.51,-51.7079207920792,-0.32,"2016",26.05,5.52,-0.32
"13","13-076",NA,"Crest",46.17,6.67,39.69,26.37,-33.5600907029478,-0.18,"2016",29.6,0.95,-0.18
"14","13-117b",NA,"Crest",17.82,6.81,35.79,26.21,-26.7672534227438,-0.14,"2016",13.28,5.81,-0.14
"15","13-129",NA,"Crest",31.38,7.15,33.91,22.38,-34.0017693895606,-0.18,"2016",13.21,2.3,-0.18
"16","14-064",NA,"Crest",79.06,7.34,58.84,27.19,-53.7899388171312,-0.34,"2016",28.54,2.75,-0.34
"17","14-082",NA,"Crest",64.13,7.8,20.74,10.14,-51.1089681774349,-0.31,"2016",0.3,2.64,-0.31
"18","14-083",NA,"Crest",84.46,10.08,21.82,2.77,-87.3052245646196,-0.9,"2016",5.14,1.34,-0.9
"19","14-085",NA,"Crest",57.02,9.42,32.03,3.84,-88.0112394630034,-0.92,"2016",7.92,11.48,-0.92
"20","11-191",NA,"Crest",78.71,9.57,18.62,3.46,-81.4178302900107,-0.73,"2016",3.32,2.62,-0.73
"21","14-088",NA,"Crest",62.04,7.49,19.25,12.04,-37.4545454545455,-0.2,"2016",0.85,9.71,-0.2
"22","14-116",NA,"Crest",76.41,6.54,29.71,13.54,-54.4261191518007,-0.34,"2016",1.79,5.8,-0.34
"23","14-118",NA,"Crest",76.14,7,45.48,9.84,-78.3641160949868,-0.66,"2016",1.18,7.76,-0.66
"24","14-135",NA,"Crest",59.96,5.25,22.94,13.51,-41.1072362685266,-0.23,"2016",1.72,7.28,-0.23
"25","14-137",NA,"Crest",91.73,9.99,21.87,1.65,-92.4554183813443,-1.12,"2016",11.81,2.39,-1.12
"26","14-138",NA,"Crest",90.79,10.01,10.7,1.9,-82.2429906542056,-0.75,"2016",3.48,1.4,-0.75
"27","14-139",NA,"Crest",77.2,9.47,21.66,0.81,-96.2603878116343,-1.43,"2016",11.15,1.33,-1.43
"28","14-143",NA,"Crest",80.13,7.1,22.75,1.88,-91.7362637362638,-1.08,"2016",4.53,8.54,-1.08
"29","14-147",NA,"Crest",89.47,6,19.84,11.2,-43.5483870967742,-0.25,"2016",1.12,12.1,-0.25
"30","14-154",NA,"Crest",70.77,8.14,48.51,20.72,-57.2871572871573,-0.37,"2016",12.16,2.64,-0.37
"31","15-021a",NA,"Crest",90.51,7.78,31.13,10.38,-66.6559588821073,-0.48,"2016",11.23,2.49,-0.48
"32","15-024",NA,"Crest",70.11,5.33,30.03,6.38,-78.7545787545788,-0.67,"2016",9.47,5.07,-0.67
"33","15-028",NA,"Crest",72.46,5.11,15.87,6.85,-56.8367989918085,-0.36,"2016",6.77,1.03,-0.36
"34","15-046",NA,"Crest",88,7.7,34.06,7.43,-78.1855549031121,-0.66,"2016",16.71,2.19,-0.66
"35","15-048",NA,"Crest",81.56,5.91,37.77,13.88,-63.2512576118613,-0.43,"2016",20.42,0.87,-0.43
"36","15-070",NA,"Crest",67.35,4.38,24.83,14.13,-43.0930326218284,-0.24,"2016",1.49,6.98,-0.24
"37","15-077",NA,"Crest",82.55,4.87,31.49,10.11,-67.8945697046681,-0.49,"2016",14.78,2.9,-0.49
"38","15-089",NA,"Crest",64.37,3,35.34,19.52,-44.7651386530843,-0.26,"2016",7.13,5.1,-0.26
"39","15-093",NA,"Crest",40.43,2.99,30.07,19.48,-35.2178250748254,-0.19,"2016",5.79,0.46,-0.19
"40","15-095",NA,"Crest",72.16,2.77,27.76,15.65,-43.6239193083574,-0.25,"2016",15.06,0,-0.25
"41","15-099d",NA,"Crest",51.94,5.04,49.28,18.45,-62.5608766233766,-0.43,"2016",20.13,7.91,-0.43
"42","16-014",NA,"Crest",65.51,3.13,30.06,22.74,-24.3512974051896,-0.12,"2016",19.26,0.38,-0.12
"43","16-020a",NA,"Crest",56.55,3.05,44.5,20.05,-54.9438202247191,-0.35,"2016",16.67,1.73,-0.35
"44","16-023",NA,"Crest",45.08,3.25,38.18,17.34,-54.5835515976951,-0.34,"2016",21.72,1.04,-0.34
"45","16-024",NA,"Crest",52.64,3.84,40.37,6.51,-83.8741639831558,-0.79,"2016",25.17,1.31,-0.79
"46","16-025",NA,"Crest",67.89,5.59,41.74,13.26,-68.2319118351701,-0.5,"2016",23.5,1.74,-0.5
"47","16-049",NA,"Crest",22.46,3.47,36.06,37.94,5.21353300055462,0.02,"2016",14.19,2.74,0.02
"48","16-055",NA,"Crest",0.51,2.77,46.31,45.67,-1.38199093068452,-0.01,"2016",10.84,5.15,-0.01
"49","16-064",NA,"Crest",19.83,4.39,38.29,35.54,-7.18203186210501,-0.03,"2016",11.61,1.33,-0.03
"50","16-068",NA,"Crest",15.94,3.67,36.6,22.57,-38.3333333333333,-0.21,"2016",13.36,0.59,-0.21
"51","16-071",NA,"Crest",7.08,3.49,41.14,69.11,67.9873602333495,0.23,"2016",23.12,1.76,0.23
"52","16-073",NA,"Crest",29.88,2.85,26.54,34.95,31.6880180859081,0.12,"2016",11.43,0.52,0.12
"53","17-004",NA,"Crest",9.47,2.62,38.2,38.26,0.157068062827231,0,"2016",11.4,1,0
"54","18-030",NA,"Crest",8.81,3.26,47.05,46.84,-0.446333687566405,0,"2016",23.37,2.14,0
"55","18-032",NA,"Crest",2.48,2.23,60.93,60.96,0.0492368291481931,0,"2016",52.81,0.16,0
"56","18-039",NA,"Crest",17.71,5.88,17.74,22.5,26.8320180383314,0.1,"2016",2.64,0.97,0.1
"57","18-081",NA,"Crest",23.29,3.49,24.62,24.44,-0.731112916328216,0,"2016",2.88,1.62,0
"58","18-083",NA,"Crest",21.74,3.07,19.14,15.73,-17.816091954023,-0.09,"2016",2.83,1.16,-0.09
"59","18-088",NA,"Crest",24.92,2,20.16,21.14,4.8611111111111,0.02,"2016",5.08,0.1,0.02
"60","18-096",NA,"Crest",22.09,1.84,30.65,27.45,-10.4404567699837,-0.05,"2016",13.58,1.08,-0.05
"61","23-052",NA,"Crest",0.34,0.16,61.12,112.17,83.5242146596859,-0.04,"2016",34.67,0,-0.04
"62","23-053",NA,"Crest",0.61,0.17,63.52,135.14,112.751889168766,0.03,"2016",22.12,3.42,0.03
"63","23-055",NA,"Crest",0.45,0.15,34.48,92.43,168.068445475638,0.05,"2016",5.56,0.13,0.05
"64","Broadhurst","B3 - NE Big Broadhurst","Crest",24.1931061496279,3.6,42.3333333333333,39,-7.8740157480315,-0.0356178592097953,"2024",34.3333333333333,1,-0.0356178592097953
"65","Broadhurst","B1 - North Little Broadhurst","Crest",27.0871831319593,3.63,44.3333333333333,42,-5.26315789473685,-0.0234810958495229,"2024",39.3333333333333,0.666666666666667,-0.0234810958495229
"66","Broadhurst","B2 - West Big Broadhurst","Crest",11.9173595364071,3.63,36.3333333333333,37.6666666666667,3.66972477064219,0.015651945542796,"2024",23.6666666666667,2.33333333333333,0.015651945542796
"67","Davies","B1 - NW","Crest",14.4403594771242,3.95,22,27.3333333333333,24.2424242424242,0.094269916841848,"2024",17.6666666666667,0.333333333333333,0.094269916841848
"68","Davies","B2 - East channel","Crest",24.5825406890721,3.95,37.6666666666667,45,19.4690265486726,0.0772553250115864,"2024",30.3333333333333,2,0.0772553250115864
"69","Davies","B3 - NE","Crest",20.6700027800945,4.27,27,25,-7.40740740740741,-0.0334237554869497,"2024",19,1.66666666666667,-0.0334237554869497
"70","Chicken","B1 - NW","Crest",35.2890431094725,5.71,42.6666666666667,39,-8.59375,-0.0390241079017067,"2024",40.6666666666667,0,-0.0390241079017067
"71","Chicken","B2 - NE","Crest",55.8564367075005,5.71,35.3333333333333,29.6666666666667,-16.0377358490566,-0.0759158586198575,"2024",33.6666666666667,0.333333333333333,-0.0759158586198575
"72","Ribbon 8","B1 - NW","Crest",52.6616079001575,6.01,35,36.6666666666667,4.76190476190476,0.0202033860882869,"2024",18,5,0.0202033860882869
"73","Ribbon 8","B2 - N","Crest",49.389302920807,6.01,32,38,18.75,0.0746336182969042,"2024",19.6666666666667,4.33333333333333,0.0746336182969042
"74","Ribbon 8","B3 - Patch","Crest",50.1739618406285,6.01,17.6666666666667,21,18.8679245283019,0.0750646798527927,"2024",5.33333333333333,2.33333333333333,0.0750646798527927
"75","Lizard","B1 - Washing Machine","Crest",78.9112441340576,6.27,50.6666666666667,10.3333333333333,-79.6052631578947,-0.6904818941105,"2024",39.3333333333333,0.666666666666667,-0.6904818941105
"76","Lizard","B2 - Mermaid","Crest",86.6052029143449,6.27,72.6666666666667,13,-82.1100917431193,-0.747391886578106,"2024",71.3333333333333,0,-0.747391886578106
"77","North Direction","B1 - Traps","Crest",90.0120949139017,6.5,68.6666666666667,5,-92.7184466019417,-1.13777596131347,"2024",67.3333333333333,0,-1.13777596131347
"78","North Direction","B2 - East Point","Crest",82.2829131652661,6.5,65,21,-67.6923076923077,-0.490694061908936,"2024",60.3333333333333,0,-0.490694061908936
"79","Lizard","B3 - Trimodal","Crest",75.1069606713839,6.56,60.6666666666667,19.3333333333333,-68.1318681318681,-0.496643394422138,"2024",55.6666666666667,0,-0.496643394422138
"80","Lizard","B4 - Lagoon","Crest",33.9833369245134,6.56,27.3333333333333,29.6666666666667,8.53658536585367,0.0355761542611961,"2024",1.33333333333333,23,0.0355761542611961
"81","Moore","B1 - South","Crest",74.2857142857143,6.78,16.5,16,-3.03030303030303,-0.0133639615579815,"2024",9,1,-0.0133639615579815
"82","Elford","B3 - SE Channel","Crest",49.0909090909091,6.8,24,34,41.6666666666667,0.151267675330649,"2024",16,1,0.151267675330649
"83","Moore","B3 - Satellite bommie","Crest",39.1711229946524,6.89,24.5,14,-42.8571428571429,-0.243038048686294,"2024",18.5,0,-0.243038048686294
"84","Bugatti","B1 - Western Flank","Crest",53.2503778226385,6.96,49,47.6666666666667,-2.72108843537415,-0.0119812972831143,"2024",36.6666666666667,3,-0.0119812972831143
"85","Moore","B2 - East","Crest",36.0576923076923,7.17,23.5,26.5,12.7659574468085,0.0521780116650716,"2024",15.5,0,0.0521780116650716
"86","Elford","B1 - Lagoon","Crest",81.2307692307693,7.2,30.7449494949495,27.7619949494949,-9.7022587268994,-0.0443231130851355,"2024",12.7525252525253,7.71780303030303,-0.0443231130851355
"87","Elford","B2 - NE Point","Crest",68.8307873090482,7.2,63,38,-39.6825396825397,-0.219556952836772,"2024",51.5,1,-0.219556952836772
"88","Milln","B1 - NW","Crest",44,7.63,37.3333333333333,40.3333333333333,8.03571428571428,0.0335673476462684,"2024",31,1.33333333333333,0.0335673476462684
"89","Milln","B2 - Lagoon","Crest",59.4879854205518,7.63,30.6666666666667,24.3333333333333,-20.6521739130435,-0.100464967225099,"2024",19.6666666666667,1.33333333333333,-0.100464967225099
"90","Chavel","B1 - Western Flank","Crest",25.6908437133719,8,31,28,-9.67741935483871,-0.0442036624920535,"2024",22.6666666666667,1,-0.0442036624920535
"91","Chavel","B2 - Northern edge","Crest",64.8511256354394,8,17.3333333333333,20.6666666666667,19.2307692307692,0.0763883458634548,"2024",8,1.33333333333333,0.0763883458634548
"92","Chavel","B3 - Large Lagoon Reef","Crest",61.4800658278919,8.13,34.7609427609428,29.7575757575758,-14.3936458736924,-0.0674939986455567,"2024",13.047138047138,2.003367003367,-0.0674939986455567
"93","Goble","B2 - Northern edge","Crest",54.3333333333333,8.23,29.3333333333333,34.6666666666667,18.1818181818182,0.0725506671486117,"2024",13,1.33333333333333,0.0725506671486117
"94","Goble","B3 - NE Point","Crest",76.6580923248053,8.26,35.340206185567,34.3711340206186,-2.74212368728114,-0.0120752177591737,"2024",15.5189003436426,1.35395189003436,-0.0120752177591737
"95","Goble","B1 - Western Flank","Crest",63.997926701306,8.53,21.3333333333333,24.6666666666667,15.625,0.0630517457470891,"2024",14,1,0.0630517457470891
"96","Wistari","B2 - North","Crest",78.7497905144964,11.2933333333333,36.6595744680851,35.8723404255319,-2.14741729541498,-0.00942770715930498,"2024",25.468085106383,1.02127659574468,-0.00942770715930498
"97","Heron","B1 - Viv's","Crest",83.2183908045977,11.32,84.6666666666667,61,-27.9527559055118,-0.142382626889509,"2024",83.3333333333333,0.333333333333333,-0.142382626889509
"98","Wistari","B1 - NW","Crest",82.1119826100893,11.32,59.4583333333333,38.0833333333333,-35.9495444989488,-0.193477777380816,"2024",48.3611111111111,0,-0.193477777380816
"99","Wistari","B3 - North Channel","Crest",94.1196762414391,11.32,36.1292517006803,22.9591836734694,-36.4526454528338,-0.196902524252094,"2024",25.6462585034013,0.673469387755103,-0.196902524252094
"100","Wilson","B1 - NE","Crest",100,11.45,64.5034013605442,15.7891156462585,-75.5220417633411,-0.61122481052702,"2024",62.4829931972789,0.34013605442177,-0.61122481052702
"101","Wilson","B2 - West","Crest",97.3333333333333,11.45,58.6666666666667,32.3333333333333,-44.8863636363636,-0.258740933547905,"2024",55.3333333333333,0.333333333333333,-0.258740933547905
"102","Heron","B2 - NE Point","Crest",98.7848168938787,11.5933333333333,47.0138888888889,12.1805555555556,-74.0915805022156,-0.586559079655122,"2024",34.5,1.04166666666667,-0.586559079655122
"103","Heron","B3 - North Bay","Crest",95.8140520383083,11.73,42,12.6666666666667,-69.8412698412698,-0.520586948500753,"2024",31.3333333333333,0,-0.520586948500753
"104","Broadhurst","B3 - NE Big Broadhurst","Slope",31.3787305590584,3.6,7.36700336700337,11.3939393939394,54.6617915904937,0.189383036705593,"2024",2.01010101010101,0.67003367003367,0.189383036705593
"105","Broadhurst","B1 - North Little Broadhurst","Slope",23.5294117647059,3.63,20,14.6666666666667,-26.6666666666667,-0.134698573897456,"2024",5,3,-0.134698573897456
"106","Broadhurst","B2 - West Big Broadhurst","Slope",0,3.63,29.1496598639456,24.530612244898,-15.8459743290548,-0.0749251038728335,"2024",12.3877551020408,9.03401360544218,-0.0749251038728335
"107","Davies","B1 - NW","Slope",0,3.95,8.66666666666667,14,61.5384615384616,0.208275942427082,"2024",0.666666666666667,2,0.208275942427082
"108","Davies","B2 - East channel","Slope",18.9857165783983,3.95,22.6666666666667,30.6666666666667,35.2941176470588,0.131278914639319,"2024",12,4.66666666666667,0.131278914639319
"109","Davies","B3 - NE","Slope",24.6624975183641,4.27,24,20,-16.6666666666667,-0.0791812460476248,"2024",2,2,-0.0791812460476248
"110","Chicken","B1 - NW","Slope",19.1326110087069,5.71,15.3333333333333,19.3333333333333,26.0869565217391,0.100670161881363,"2024",2.66666666666667,0,0.100670161881363
"111","Chicken","B2 - NE","Slope",30.108190382163,5.71,14,15.3333333333333,9.52380952380953,0.0395085412836737,"2024",7,0.333333333333333,0.0395085412836737
"112","Ribbon 8","B1 - NW","Slope",19.4404186795491,6.01,25.1428571428571,27.1700680272109,8.06277056277054,0.0336760979866146,"2024",5.37414965986395,9.04761904761905,0.0336760979866146
"113","Ribbon 8","B2 - N","Slope",17.6532548033442,6.01,28.3333333333333,26.6666666666667,-5.88235294117646,-0.0263289387223491,"2024",15.3333333333333,4,-0.0263289387223491
"114","Ribbon 8","B3 - Patch","Slope",26.9508613161864,6.01,26.3333333333333,29.6666666666667,12.6582278481013,0.0517629153544714,"2024",7.66666666666667,4.66666666666667,0.0517629153544714
"115","Lizard","B1 - Washing Machine","Slope",38.0582183773673,6.27,16,17,6.25,0.0263289387223491,"2024",2,1,0.0263289387223491
"116","Lizard","B2 - Mermaid","Slope",60.7129952251904,6.27,37.2448979591837,27.2040816326531,-26.958904109589,-0.136432719378634,"2024",24.1768707482993,1.3469387755102,-0.136432719378634
"117","North Direction","B1 - Traps","Slope",65.9440523462749,6.5,46.6431026018655,16.3665754961779,-64.9110488299222,-0.454829612914694,"2024",40.8945928887019,0,-0.454829612914694
"118","North Direction","B2 - East Point","Slope",45.1620706337688,6.5,37.6666666666667,25,-33.6283185840708,-0.17801718009172,"2024",21.6666666666667,2,-0.17801718009172
"119","Lizard","B3 - Trimodal","Slope",62.4517704517705,6.56,28.3194444444444,20.3888888888889,-28.0039234919077,-0.142691170198088,"2024",21.2638888888889,0,-0.142691170198088
"120","Lizard","B4 - Lagoon","Slope",23.1481481481482,6.56,39.0641104926819,67.0428777571635,71.622691292876,0.234574708056854,"2024",0,36.0286538857967,0.234574708056854
"121","Moore","B1 - South","Slope",37.5,6.78,10.5,9,-14.2857142857143,-0.0669467896306132,"2024",2,0.5,-0.0669467896306132
"122","Elford","B3 - SE Channel","Slope",19.0058479532163,6.8,17.5,23.5,34.2857142857143,0.128029813585442,"2024",7,4.5,0.128029813585442
"123","Moore","B3 - Satellite bommie","Slope",7.6923076923077,6.835,21,19.5,-7.14285714285714,-0.0321846833714012,"2024",10,6,-0.0321846833714012
"124","Bugatti","B1 - Western Flank","Slope",55.0114246240502,6.96,33.3333333333333,43,29,0.110589710299249,"2024",22,0,0.110589710299249
"125","Moore","B2 - East","Slope",1.85185185185185,7.17,15,10,-33.3333333333333,-0.176091259055681,"2024",1.5,0.5,-0.176091259055681
"126","Elford","B1 - Lagoon","Slope",78.9408866995074,7.2,23.6263736263736,32.967032967033,39.5348837209302,0.144682794804057,"2024",7.69230769230769,3.2967032967033,0.144682794804057
"127","Elford","B2 - NE Point","Slope",27.1561771561772,7.2,20.6979087931469,20.023935500126,-3.25623858794869,-0.0143770311842692,"2024",3.38246409674981,1.63769211388259,-0.0143770311842692
"128","Milln","B1 - NW","Slope",2.31292517006803,7.63,29.3333333333333,29,-1.13636363636363,-0.0049634195315501,"2024",10,11.3333333333333,-0.0049634195315501
"129","Milln","B2 - Lagoon","Slope",0.793650793650793,7.63,25.6666666666667,35.6666666666667,38.9610389610389,0.142893052512728,"2024",6,16.6666666666667,0.142893052512728
"130","Chavel","B1 - Western Flank","Slope",5.89569160997732,8,35.8397722933805,44.858932972335,25.1652287439904,0.0974836973890671,"2024",15.2396473324308,2.03429483841855,0.0974836973890671
"131","Chavel","B2 - Northern edge","Slope",50.0952380952381,8,15.0790569851129,24.805900621118,64.5056494289273,0.216180817019607,"2024",3.11976239771271,3.20140737454402,0.216180817019607
"132","Chavel","B3 - Large Lagoon Reef","Slope",39.9621212121212,8.13,21.4170419034964,21.794698293185,1.76334524342946,0.00759137500326413,"2024",1.42639206712433,5.70897205613379,0.00759137500326413
"133","Goble","B2 - Northern edge","Slope",49.4749326145552,8.23,25.9759450171821,28.2886597938144,8.90329408651936,0.0370410164129075,"2024",5.72852233676976,1.67697594501718,0.0370410164129075
"134","Goble","B3 - NE Point","Slope",52.9455278185019,8.26,23.1632653061224,17.1360544217687,-26.0205580029368,-0.130888948750691,"2024",4.03401360544218,1.00680272108844,-0.130888948750691
"135","Goble","B1 - Western Flank","Slope",40.4539270253556,8.53,24.3333333333333,28,15.0684931506849,0.0609564259414258,"2024",4.33333333333333,4,0.0609564259414258
"136","Wistari","B2 - North","Slope",78.142030608436,11.28,50.5765934237182,38.2655446470313,-24.3413957787706,-0.12114167499952,"2024",37.2370266479663,1.07916471871591,-0.12114167499952
"137","Heron","B1 - Viv's","Slope",97.099705960973,11.32,63,35.3333333333333,-43.9153439153439,-0.251155938908474,"2024",56.6666666666667,0.333333333333333,-0.251155938908474
"138","Wistari","B1 - NW","Slope",83.9014097153632,11.32,47.9807347670251,51.527329749104,7.39170627398626,0.0309707426435699,"2024",40.4413082437276,1.70564516129032,0.0309707426435699
"139","Wistari","B3 - North Channel","Slope",90.1307514068189,11.32,54.0312398175301,36.0934614966873,-33.1989019341789,-0.175216398602188,"2024",37.4307592049527,0.336700336700337,-0.175216398602188
"140","Wilson","B1 - NE","Slope",80.8777429467085,11.45,64.3990929705216,44.5223922902494,-30.8648767605634,-0.160301258651005,"2024",50.3613945578231,1.70068027210884,-0.160301258651005
"141","Wilson","B2 - West","Slope",92.3266045548654,11.45,67.0314024599739,12.4351680065966,-81.4487426038536,-0.731626648760472,"2024",60.9635813921528,0,-0.731626648760472
"142","Heron","B2 - NE Point","Slope",87.0518746789933,11.73,43.7712585034014,38.5229712452357,-11.990258990972,-0.0554692570277382,"2024",29.1541527958701,0.354609929078013,-0.0554692570277382
"143","Heron","B3 - North Bay","Slope",72.5771150384553,11.73,56.7796273981841,34.3668822313889,-39.473216352089,-0.218052403587483,"2024",37.7481243460625,1.70432850845222,-0.218052403587483
