,Genus,Group
1,Favites,HC
2,Leptoria,HC
3,Goniastrea,HC
4,Fungia,HC
5,Porites - massive,HC
6,Montipora - encrusting,HC
7,Astreopora,HC
8,Stylophora,HC
9,Pocillopora,HC
10,Isopora,HC
11,Soft coral - Lobophytum,SC
12,Acropora - digitate,HC
13,Acropora - table,HC
14,Soft coral - Sarcophyton,SC
15,Acropora - corymbose,HC
16,Soft coral - Palythoa,SC
17,Acropora - staghorn,HC
18,Cyphastrea,HC
19,Porites - encrusting,HC
20,Echinopora,HC
21,Leptastrea,HC
22,Soft coral - Sclerophytum,SC
23,Hydnophora,HC
24,Platygyra,HC
25,Dipsastrea,HC
26,Montipora - branching,HC
27,Lobophyllia,HC
28,Seriatopora,HC
29,Acanthastrea,HC
30,Pavona,HC
31,Soft coral - other,SC
32,Merulina,HC
33,Galaxea,HC
34,Montastraea,HC
35,Porites,HC
36,Millepora - encrusting,Mill
37,NA,NA
38,Mycedium,HC
39,Plerogyra,HC
40,Diploastrea,HC
41,Ctenactis,HC
42,Fimbriaphyllia,HC
43,Acropora - other,HC
44,Cynarina,HC
45,Soft coral - Xenia,SC
46,Millepora - branching,Mill
47,Oxypora,HC
48,Sandolitha,HC
49,Turbinaria,HC
50,Physogyra,HC
51,Pachyseris,HC
52,Porites - branching,HC
53,Leptoseris,HC
54,Goniopora,HC
55,Soft coral - Nephthea,SC
56,Coscinarea,HC
57,Astrea,HC
58,Montipora - other,HC
59,Tubastrea,HC_azoox
60,Caulastrea,HC
61,Psammocora,HC
62,Plesiastrea,HC
63,Alveopora,HC
64,Pectinia,HC
65,Heliofungia,HC
66,Psammacora,HC
67,Soft coral - Sinularia,SC
68,Gardinoseris,HC
69,Sinularia,SC
70,Soft coral - Tubipora,SC
71,Euphyllia,HC
72,Coeloseris,HC
73,Anemone - Entacmaea quadricolor,Anemone
74,Echinophyllia,HC
75,Soft coral - Dendronephthya,SC
76,Halomitra,HC
77,Paragoniastrea,HC
78,Soft coral - Clavaria,SC