"","X","ReefName","ReefNo","Site_name","depth","revised_lat","revised_long","PropBleached_survey","BleachCat_air","SurveyedApril","SurveyedOctober","note","grid.lat","grid.lon","gridID"
"1",1,"13-117b","13-117b","13-117b_B1","1m",-13.60132,144.08607,0.183673469,2,"Yes","Yes","",-13.625,144.075,"-13.625 144.075"
"2",2,"13-117b","13-117b","13-117b_B2","1m",-13.59746,144.09019,0.248543689,2,"Yes","Yes","",-13.625,144.075,"-13.625 144.075"
"3",3,"15-048","15-048","15-048_B1","1m",-15.4826,145.6499667,0.687242798,4,"Yes","Yes","",-15.525,145.625,"-15.525 145.625"
"4",4,"15-048","15-048","15-048_B2","1m",-15.4851,145.6549833,0.76744186,4,"Yes","Yes","",-15.525,145.625,"-15.525 145.625"
"5",5,"15-070","15-070","15-070_B1","1m",-15.50366667,145.6144,0.50877193,3,"Yes","Yes","",-15.525,145.575,"-15.525 145.575"
"6",6,"15-070","15-070","15-070_B2","1m",-15.5005,145.6173167,0.737226277,4,"Yes","Yes","",-15.525,145.575,"-15.525 145.575"
"7",7,"15-077","15-077","15-077_B1","1m",-15.55875,145.6487,0.620111732,4,"Yes","Yes","",-15.575,145.625,"-15.575 145.625"
"8",8,"15-077","15-077","15-077_B2","1m",-15.55766667,145.6422833,0.634615385,4,"Yes","Yes","",-15.575,145.625,"-15.575 145.625"
"9",9,"16-014","16-014","16-014_B1","1m",-16.0364,145.71208,0.7729,NA,"Yes","Yes","",-16.075,145.675,"-16.075 145.675"
"10",10,"Agincourt","15-099d","Agincourt_B1","1m",-16.06517,145.86528,0.850157729,4,"Yes","Yes","",-16.075,145.825,"-16.075 145.825"
"11",11,"Agincourt","15-099d","Agincourt_B2","1m",-16.06122,145.86415,0.598885794,3,"Yes","Yes","",-16.075,145.825,"-16.075 145.825"
"12",12,"Arlington","16-064","Arlington_B1","1m",-16.71273,145.97855,0.329411765,3,"Yes","Yes","",-16.725,145.975,"-16.725 145.975"
"13",13,"Arlington","16-064","Arlington_B2","1m",-16.67979,145.9703,0.266666667,2,"Yes","Yes","",-16.725,145.925,"-16.725 145.925"
"14",14,"Arlington","16-064","Arlington_B3","1m",-16.70944,146.12437,0.351888668,3,"Yes","Yes","",-16.725,146.075,"-16.725 146.075"
"15",15,"Arlington","16-064","Arlington_B4","1m",-16.65874,146.09042,0.223367698,2,"Yes","Yes","",-16.675,146.075,"-16.675 146.075"
"16",16,"Bayag","10-582a","Bayag_B1","1m",-10.5685,143.24546,0.692144374,4,"Yes","Yes","",-10.575,143.225,"-10.575 143.225"
"17",17,"Bayag","10-582a","Bayag_B2","1m",-10.56864,143.25355,0.6700611,4,"Yes","Yes","",-10.575,143.225,"-10.575 143.225"
"18",18,"Burke","12-105","Burke_B1","1m",-12.64636,143.56076,0.515267176,3,"Yes","Yes","",-12.675,143.525,"-12.675 143.525"
"19",19,"Burke","12-105","Burke_B2","1m",-12.64404,143.55946,0.53539823,3,"Yes","Yes","",-12.675,143.525,"-12.675 143.525"
"20",20,"Carter","14-137","Carter_B1","1m",-14.57078,145.59564,0.57755102,3,"Yes","Yes","",-14.575,145.575,"-14.575 145.575"
"21",21,"Carter","14-137","Carter_B2","1m",-14.56747,145.59694,0.561032864,3,"Yes","Yes","",-14.575,145.575,"-14.575 145.575"
"22",22,"Centipede","18-088","Centipede_B2","1m",-18.74226,147.51459,0.378402904,3,"Yes","Yes","",-18.775,147.475,"-18.775 147.475"
"23",23,"Chinaman","16-024","Chinaman_B1","1m",-16.20861,145.80991,0.694092827,4,"Yes","Yes","",-16.225,145.775,"-16.225 145.775"
"24",24,"Chinaman","16-024","Chinaman_B2","1m",-16.20526,145.80077,0.743589744,4,"Yes","Yes","",-16.225,145.775,"-16.225 145.775"
"25",25,"Crescent","14-082","Crescent_B1","1m",-14.44769,145.07094,0.453125,3,"Yes","Yes","",-14.475,145.025,"-14.475 145.025"
"26",26,"Crescent","14-082","Crescent_B2","1m",-14.43625,145.05524,0.641304348,4,"Yes","Yes","",-14.475,145.025,"-14.475 145.025"
"27",27,"Day","14-089","Day_B1","1m",-14.48754,145.5153,0.355421687,3,"Yes","Yes","",-14.525,145.475,"-14.525 145.475"
"28",28,"Day","14-089","Day_B2","1m",-14.47111,145.52301,0.610759494,4,"Yes","Yes","",-14.475,145.475,"-14.475 145.475"
"29",29,"Devlin","11-229a","Devlin_B1","1m",-11.81167,143.86764,0.627934272,4,"Yes","Yes","",-11.825,143.825,"-11.825 143.825"
"30",30,"Devlin","11-229a","Devlin_B2","1m",-11.81274,143.86953,0.378378378,3,"Yes","Yes","",-11.825,143.825,"-11.825 143.825"
"31",31,"Dugong","10-576","Dugong_B1","1m",-10.52401,143.11776,0.706390328,4,"Yes","Yes","",-10.525,143.075,"-10.525 143.075"
"32",32,"Dugong","10-576","Dugong_B2","1m",-10.53149,143.11394,0.685823755,4,"Yes","Yes","",-10.575,143.075,"-10.575 143.075"
"33",33,"Elford","16-073","Elford_B1","1m",-16.91104,146.2981,0.574074074,3,"Yes","Yes","",-16.925,146.275,"-16.925 146.275"
"34",34,"Elford","16-073","Elford_B2","1m",-16.91208,146.28683,0.376623377,3,"Yes","Yes","",-16.925,146.275,"-16.925 146.275"
"35",35,"Endeavour","15-089","Endeavour_B1","1m",-15.7679,145.5993333,0.680124224,4,"Yes","Yes","",-15.775,145.575,"-15.775 145.575"
"36",36,"Endeavour","15-089","Endeavour_B2","1m",-15.77808333,145.5785167,0.582159624,3,"Yes","Yes","",-15.825,145.575,"-15.825 145.575"
"37",37,"Evening","15-095","Evening_B1","1m",-15.90987,145.65835,0.522292994,3,"Yes","Yes","",-15.925,145.625,"-15.925 145.625"
"38",38,"Evening","15-095","Evening_B2","1m",-15.89828,145.65206,0.605870021,4,"Yes","Yes","",-15.925,145.625,"-15.925 145.625"
"39",39,"Eyrie","14-118","Eyrie_B1","1m",-14.69483333,145.3931,0.681818182,4,"Yes","Yes","",-14.725,145.375,"-14.725 145.375"
"40",40,"Eyrie","14-118","Eyrie_B2","1m",-14.69246667,145.3776167,0.603508772,4,"Yes","Yes","",-14.725,145.375,"-14.725 145.375"
"41",41,"Ferguson","12-058","Ferguson_B1","1m",-12.34025,143.81903,0.627376426,4,"Yes","Yes","",-12.375,143.775,"-12.375 143.775"
"42",42,"Ferguson","12-058","Ferguson_B2","1m",-12.3259,143.84645,0.472222222,3,"Yes","Yes","",-12.375,143.825,"-12.375 143.825"
"43",43,"GreatDetached","11-244","GreatDetached_B1","1m",-11.77061,143.98436,0.570149254,3,"Yes","Yes","",-11.775,143.975,"-11.775 143.975"
"44",44,"GreenIsland","16-049","GreenIsland_B1","1m",-16.76217,146.00658,0.494845361,3,"Yes","Yes","",-16.775,145.975,"-16.775 145.975"
"45",45,"GreenIsland","16-049","GreenIsland_B2","1m",-16.767,145.972,0.396226415,3,"Yes","Yes","",-16.775,145.925,"-16.775 145.925"
"46",46,"Heldson","14-135","Heldson_B1","1m",-14.96222,145.48776,0.51558753,3,"Yes","Yes","",-14.975,145.475,"-14.975 145.475"
"47",47,"Heldson","14-135","Heldson_B2","1m",-14.95181,145.48244,0.455516014,3,"Yes","Yes","",-14.975,145.475,"-14.975 145.475"
"48",48,"Heron","23-052","Heron_B2","1m",-23.45488333,151.9235333,0.0084,1,"Yes","Yes","",-23.475,151.875,"-23.475 151.875"
"49",49,"Hicks","14-086","Hicks_B1","1m",-14.46785,145.47538,0.773134328,4,"Yes","Yes","",-14.475,145.475,"-14.475 145.475"
"50",50,"Hicks","14-086","Hicks_B2","1m",-14.43025,145.45016,0.461722488,3,"Yes","Yes","",-14.475,145.425,"-14.475 145.425"
"51",51,"Hilder","14-085","Hilder_B1","1m",-14.42777,145.4091,0.697183099,4,"Yes","Yes","",-14.475,145.375,"-14.475 145.375"
"52",52,"Hilder","14-085","Hilder_B2","1m",-14.43393,145.40382,0.540372671,3,"Yes","Yes","",-14.475,145.375,"-14.475 145.375"
"53",53,"Ingram","14-064","Ingram_B1","1m",-14.42695,144.90523,0.588785047,3,"Yes","Yes","",-14.475,144.875,"-14.475 144.875"
"54",54,"Ingram","14-064","Ingram_B2","1m",-14.41482,144.88931,0.471794872,3,"Yes","Yes","",-14.425,144.875,"-14.425 144.875"
"55",55,"Job","11-241","Job_B1","1m",-11.99248,143.89591,0.44834308,3,"Yes","Yes","",-12.025,143.875,"-12.025 143.875"
"56",56,"Job","11-241","Job_B2","1m",-11.98618,143.88637,0.772173913,4,"Yes","Yes","",-12.025,143.875,"-12.025 143.875"
"57",57,"Job","11-241","Job_B3","1m",-11.96726,143.87546,0.465934066,3,"Yes","Yes","",-11.975,143.875,"-11.975 143.875"
"58",58,"LittleFitzroy","16-055","LittleFitzroy_B1","1m",-16.92366,146.00763,0,0,"Yes","Yes","Named as Fitzroy Island in April Data",-16.925,145.975,"-16.925 145.975"
"59",59,"LittleFitzroy","16-055","LittleFitzroy_B2","1m",-16.92278,145.99337,0.015228426,1,"Yes","Yes","Named as Fitzroy Island in April Data",-16.925,145.975,"-16.925 145.975"
"60",60,"Lizard","14-116","Lizard_B1","1m",-14.659643,145.453349,0.691304348,4,"Yes","Yes","Cook's Path",-14.675,145.425,"-14.675 145.425"
"61",61,"Lizard","14-116","Lizard_B2","1m",-14.647605,145.458434,0.635135135,4,"Yes","Yes","Washing Machine",-14.675,145.425,"-14.675 145.425"
"62",62,"Long","15-019","Long_B1","1m",-15.04376667,145.5852833,0.800699301,4,"Yes","Yes","",-15.075,145.575,"-15.075 145.575"
"63",63,"Long","15-019","Long_B2","1m",-15.0472,145.5707167,0.737037037,4,"Yes","Yes","",-15.075,145.525,"-15.075 145.525"
"64",64,"Mackay","15-024","Mackay_B1","1m",-15.13396667,145.6013833,0.61952862,4,"Yes","Yes","",-15.175,145.575,"-15.175 145.575"
"65",65,"Mackay","15-024","Mackay_B2","1m",-15.14861667,145.58185,0.589041096,3,"Yes","Yes","",-15.175,145.575,"-15.175 145.575"
"66",66,"Mantis","12-056","Mantis_B1","1m",-12.32718,143.86599,0.454976303,3,"Yes","Yes","",-12.375,143.825,"-12.375 143.825"
"67",67,"Moore","16-071","Moore_B1","1m",-16.857,146.218,0.157303371,2,"Yes","Yes","",-16.875,146.175,"-16.875 146.175"
"68",68,"Moore","16-071","Moore_B2","1m",-16.847,146.218,0.191428571,2,"Yes","Yes","",-16.875,146.175,"-16.875 146.175"
"69",69,"MorrisIsland","13-072","MorrisIsland_B1","1m",-13.46387,143.75909,0.741626794,4,"Yes","Yes","",-13.475,143.725,"-13.475 143.725"
"70",70,"MorrisIsland","13-072","MorrisIsland_B2","1m",-13.46549,143.75307,0.505747126,3,"Yes","Yes","",-13.475,143.725,"-13.475 143.725"
"71",71,"NoName","14-139","NoName_B1","1m",-14.6516,145.63878,0.608247423,4,"Yes","Yes","",-14.675,145.625,"-14.675 145.625"
"72",72,"NoName","14-139","NoName_B2","1m",-14.65251,145.6518,0.453744493,3,"Yes","Yes","",-14.675,145.625,"-14.675 145.625"
"73",73,"NthDirection","14-143","NthDirection_B1","1m",-14.74358333,145.5157,0.691588785,4,"Yes","Yes","",-14.775,145.475,"-14.775 145.475"
"74",74,"NthDirection","14-143","NthDirection_B2","1m",-14.74385,145.5058,0.679245283,4,"Yes","Yes","",-14.775,145.475,"-14.775 145.475"
"75",75,"Nymph","14-115","Nymph_B1","1m",-14.66138333,145.24955,0.965517241,4,"Yes","Yes","",-14.675,145.225,"-14.675 145.225"
"76",76,"Nymph","14-115","Nymph_B2","1m",-14.64741667,145.2518667,0.772727273,4,"Yes","Yes","",-14.675,145.225,"-14.675 145.225"
"77",77,"Ogilvie","13-076","Ogilvie_B1","1m",-13.46353,143.84796,0.407506702,3,"Yes","Yes","",-13.475,143.825,"-13.475 143.825"
"78",78,"Ogilvie","13-076","Ogilvie_B2","1m",-13.47046,143.84599,0.672672673,4,"Yes","Yes","",-13.475,143.825,"-13.475 143.825"
"79",79,"OneTree","23-055","OneTree_B1","1m",-23.48558333,152.0684333,0.0097,1,"Yes","Yes","",-23.525,152.025,"-23.525 152.025"
"80",80,"OneTree","23-055","OneTree_B2","1m",-23.48276667,152.0757,0.0107,1,"Yes","Yes","",-23.525,152.075,"-23.525 152.075"
"81",81,"Opal","16-025","Opal_B1","1m",-16.24368,145.87099,0.747474747,4,"Yes","Yes","",-16.275,145.825,"-16.275 145.825"
"82",82,"Opal","16-025","Opal_B2","1m",-16.21612,145.87961,0.885245902,4,"Yes","Yes","",-16.225,145.875,"-16.225 145.875"
"83",83,"Parke","14-083","Parke_B1","1m",-14.43911,145.32307,0.408256881,3,"Yes","Yes","",-14.475,145.275,"-14.475 145.275"
"84",84,"Parke","14-083","Parke_B2","1m",-14.43693,145.32611,0.451685393,3,"Yes","Yes","",-14.475,145.325,"-14.475 145.325"
"85",85,"Pickersgill","15-093","Pickersgill_B1","1m",-15.85186667,145.5613,0.663212435,4,"Yes","Yes","",-15.875,145.525,"-15.875 145.525"
"86",86,"Pickersgill","15-093","Pickersgill_B2","1m",-15.85335,145.5561833,0.473684211,3,"Yes","Yes","",-15.875,145.525,"-15.875 145.525"
"87",87,"Rib","18-032","Rib_B1","1m",-18.49036,146.88077,0.072368421,1,"Yes","Yes","",-18.525,146.875,"-18.525 146.875"
"88",88,"Rib","18-032","Rib_B2","1m",-18.47948,146.86676,0.06,1,"Yes","Yes","",-18.525,146.825,"-18.525 146.825"
"89",89,"Ribbon4","15-046","Ribbon4_B1","1m",-15.40933,145.79036,0.427255985,3,"Yes","Yes","",-15.425,145.775,"-15.425 145.775"
"90",90,"Ribbon4","15-046","Ribbon4_B2","1m",-15.43641,145.79858,0.625429553,4,"Yes","Yes","",-15.475,145.775,"-15.475 145.775"
"91",91,"Ribbon8","15-021a","Ribbon8_B1","1m",-15.11633333,145.7155,0.637795276,4,"Yes","Yes","",-15.125,145.675,"-15.125 145.675"
"92",92,"Ribbon8","15-021a","Ribbon8_B2","1m",-15.1077,145.7173,0.639774859,4,"Yes","Yes","",-15.125,145.675,"-15.125 145.675"
"93",93,"Ribbon9","14-154","Ribbon9_B1","1m",-15.01737,145.69741,0.611328125,4,"Yes","Yes","",-15.025,145.675,"-15.025 145.675"
"94",94,"Ribbon9","14-154","Ribbon9_B2","1m",-14.99213,145.70459,0.668579627,4,"Yes","Yes","",-15.025,145.675,"-15.025 145.675"
"95",95,"Rudder","16-023","Rudder_B1","1m",-16.2139,145.66603,0.754716981,4,"Yes","Yes","",-16.225,145.625,"-16.225 145.625"
"96",96,"Rudder","16-023","Rudder_B2","1m",-16.17495,145.68214,0.719512195,4,"Yes","Yes","",-16.175,145.675,"-16.175 145.675"
"97",97,"Scott","17-004","Scott_B2","1m",-17.06232,146.18489,0.238596491,2,"Yes","Yes","",-17.075,146.175,"-17.075 146.175"
"98",98,"Star","11-239","Star_B1","1m",-11.9565,143.86132,0.883495146,4,"Yes","Yes","",-11.975,143.825,"-11.975 143.825"
"99",99,"Startle","15-028","Startle_B1","1m",-15.20731667,145.5225167,0.713414634,4,"Yes","Yes","",-15.225,145.475,"-15.225 145.475"
"100",100,"Startle","15-028","Startle_B2","1m",-15.20918333,145.5238333,0.565891473,3,"Yes","Yes","",-15.225,145.475,"-15.225 145.475"
"101",101,"SthDirection","14-147","SthDirection_B2","1m",-14.82706667,145.51825,0.789915966,4,"Yes","Yes","sheltered",-14.875,145.475,"-14.875 145.475"
"102",102,"SthDirection","14-147","SthDirection_B1","1m",-14.82163333,145.5282667,0.830409357,4,"Yes","Yes","exposed",-14.825,145.525,"-14.825 145.525"
"103",103,"Thetford","16-068","Thetford_B1","1m",-16.80037,146.19862,0.27540107,2,"Yes","Yes","",-16.825,146.175,"-16.825 146.175"
"104",104,"Thetford","16-068","Thetford_B2","1m",-16.80018,146.18657,0.292207792,2,"Yes","Yes","",-16.825,146.175,"-16.825 146.175"
"105",105,"TurtleNorth","14-120b","TurtleNorth_B1","1m",-14.73833333,145.2048,0.810810811,4,"Yes","Yes","",-14.775,145.175,"-14.775 145.175"
"106",106,"TurtleNorth","14-120b","TurtleNorth_B2","1m",-14.73278333,145.2022167,0.744897959,4,"Yes","Yes","",-14.775,145.175,"-14.775 145.175"
"107",107,"TurtleSouth","14-120e","TurtleSouth_B1","1m",-14.70703333,145.2050333,0.833333333,4,"Yes","Yes","",-14.725,145.175,"-14.725 145.175"
"108",108,"TurtleSouth","14-120e","TurtleSouth_B2","1m",-14.70183333,145.2026667,0.727272727,4,"Yes","Yes","",-14.725,145.175,"-14.725 145.175"
"109",109,"Undine","16-020a","Undine_B1","1m",-16.13599,145.66443,0.730769231,4,"Yes","Yes","",-16.175,145.625,"-16.175 145.625"
"110",110,"Undine","16-020a","Undine_B2","1m",-16.11258,145.65395,0.705673759,4,"Yes","Yes","",-16.125,145.625,"-16.125 145.625"
"111",111,"Waining","14-088","Waining_B1","1m",-14.44839,145.31059,0.430167598,3,"Yes","Yes","",-14.475,145.275,"-14.475 145.275"
"112",112,"Waining","14-088","Waining_B2","1m",-14.47064,145.13585,0.838541667,4,"Yes","Yes","",-14.475,145.125,"-14.475 145.125"
"113",113,"Wilson","13-129","Wilson_B1","1m",-13.96097,144.37791,0.435828877,3,"Yes","Yes","",-13.975,144.375,"-13.975 144.375"
"114",114,"Wilson","13-129","Wilson_B2","1m",-13.95322,144.37904,0.366987179,3,"Yes","Yes","",-13.975,144.375,"-13.975 144.375"
"115",115,"Wistari","23-053","Wistari_B1","1m",-23.45016667,151.8963,0.0157,1,"Yes","Yes","",-23.475,151.875,"-23.475 151.875"
"116",116,"Wood","11-228","Wood_B1","1m",-11.81324,143.98265,0.600753296,4,"Yes","Yes","",-11.825,143.975,"-11.825 143.975"
"117",117,"Wood","11-228","Wood_B2","1m",-11.80942,143.96314,0.479057592,3,"Yes","Yes","",-11.825,143.925,"-11.825 143.925"
"118",118,"Yonge","14-138","Yonge_B1","1m",-14.62455,145.62304,0.556701031,3,"Yes","Yes","",-14.625,145.575,"-14.625 145.575"
"119",119,"Yonge","14-138","Yonge_B2","1m",-14.61625,145.61751,0.625360231,4,"Yes","Yes","",-14.625,145.575,"-14.625 145.575"
"120",120,"Zenith","12-115","Zenith_B1","1m",-12.76938,143.60226,0.440758294,3,"Yes","Yes","",-12.775,143.575,"-12.775 143.575"
"121",121,"Zenith","12-115","Zenith_B2","1m",-12.76439,143.60636,0.369565217,3,"Yes","Yes","",-12.775,143.575,"-12.775 143.575"
"122",122,"Scott","17-004","Scott_B1","1m",-17.09635,146.19585,0.496784566,3,"No","Yes","",-17.125,146.175,"-17.125 146.175"
